[   21783ms] [INFO] %cDownload the React DevTools for a better development experience: https://react.dev/link/react-devtools font-weight:bold @ http://localhost:3123/_next/static/chunks/node_modules_next_dist_115brz8._.js:2477
[   21930ms] [LOG] [HMR] connected @ http://localhost:3123/_next/static/chunks/node_modules_next_dist_115brz8._.js:2477
[   22189ms] [WARNING] Image with src "/logotipos/BRS WORKSPACE FUNDO CLARO SEM FUNDO.png" has either width or height modified, but not the other. If you use CSS to change the size of your image, also include the styles 'width: "auto"' or 'height: "auto"' to maintain the aspect ratio. @ http://localhost:3123/_next/static/chunks/node_modules_next_dist_115brz8._.js:2477
[   22202ms] [ERROR] WebSocket is already in CLOSING or CLOSED state. @ http://localhost:3123/_next/static/chunks/node_modules_next_dist_115brz8._.js:2836
[   22771ms] [INFO] %cDownload the React DevTools for a better development experience: https://react.dev/link/react-devtools font-weight:bold @ http://localhost:3123/_next/static/chunks/node_modules_next_dist_115brz8._.js:2477
[   22817ms] [LOG] [HMR] connected @ http://localhost:3123/_next/static/chunks/node_modules_next_dist_115brz8._.js:2477
[   22861ms] [LOG] [Fast Refresh] rebuilding @ http://localhost:3123/_next/static/chunks/node_modules_next_dist_115brz8._.js:2477
[   22895ms] [WARNING] Image with src "/logotipos/BRS WORKSPACE FUNDO CLARO SEM FUNDO.png" has either width or height modified, but not the other. If you use CSS to change the size of your image, also include the styles 'width: "auto"' or 'height: "auto"' to maintain the aspect ratio. @ http://localhost:3123/_next/static/chunks/node_modules_next_dist_115brz8._.js:2477
[   22906ms] [ERROR] WebSocket is already in CLOSING or CLOSED state. @ http://localhost:3123/_next/static/chunks/node_modules_next_dist_115brz8._.js:2836
[   23264ms] [INFO] %cDownload the React DevTools for a better development experience: https://react.dev/link/react-devtools font-weight:bold @ http://localhost:3123/_next/static/chunks/node_modules_next_dist_115brz8._.js:2477
[   23298ms] [LOG] [HMR] connected @ http://localhost:3123/_next/static/chunks/node_modules_next_dist_115brz8._.js:2477
[   23321ms] [LOG] [Fast Refresh] rebuilding @ http://localhost:3123/_next/static/chunks/node_modules_next_dist_115brz8._.js:2477
[   23360ms] [WARNING] Image with src "/logotipos/BRS WORKSPACE FUNDO CLARO SEM FUNDO.png" has either width or height modified, but not the other. If you use CSS to change the size of your image, also include the styles 'width: "auto"' or 'height: "auto"' to maintain the aspect ratio. @ http://localhost:3123/_next/static/chunks/node_modules_next_dist_115brz8._.js:2477
[   23375ms] [ERROR] WebSocket is already in CLOSING or CLOSED state. @ http://localhost:3123/_next/static/chunks/node_modules_next_dist_115brz8._.js:2836
[   23514ms] [INFO] %cDownload the React DevTools for a better development experience: https://react.dev/link/react-devtools font-weight:bold @ http://localhost:3123/_next/static/chunks/node_modules_next_dist_115brz8._.js:2477
[   23565ms] [LOG] [HMR] connected @ http://localhost:3123/_next/static/chunks/node_modules_next_dist_115brz8._.js:2477
[   23656ms] [LOG] [Fast Refresh] rebuilding @ http://localhost:3123/_next/static/chunks/node_modules_next_dist_115brz8._.js:2477
[   23673ms] [WARNING] Image with src "/logotipos/BRS WORKSPACE FUNDO CLARO SEM FUNDO.png" has either width or height modified, but not the other. If you use CSS to change the size of your image, also include the styles 'width: "auto"' or 'height: "auto"' to maintain the aspect ratio. @ http://localhost:3123/_next/static/chunks/node_modules_next_dist_115brz8._.js:2477
[   23679ms] [ERROR] WebSocket is already in CLOSING or CLOSED state. @ http://localhost:3123/_next/static/chunks/node_modules_next_dist_115brz8._.js:2836
[   23881ms] [INFO] %cDownload the React DevTools for a better development experience: https://react.dev/link/react-devtools font-weight:bold @ http://localhost:3123/_next/static/chunks/node_modules_next_dist_115brz8._.js:2477
[   23928ms] [LOG] [HMR] connected @ http://localhost:3123/_next/static/chunks/node_modules_next_dist_115brz8._.js:2477
[   23958ms] [LOG] [Fast Refresh] rebuilding @ http://localhost:3123/_next/static/chunks/node_modules_next_dist_115brz8._.js:2477
[   24004ms] [WARNING] Image with src "/logotipos/BRS WORKSPACE FUNDO CLARO SEM FUNDO.png" has either width or height modified, but not the other. If you use CSS to change the size of your image, also include the styles 'width: "auto"' or 'height: "auto"' to maintain the aspect ratio. @ http://localhost:3123/_next/static/chunks/node_modules_next_dist_115brz8._.js:2477
[   24010ms] [ERROR] WebSocket is already in CLOSING or CLOSED state. @ http://localhost:3123/_next/static/chunks/node_modules_next_dist_115brz8._.js:2836
[   24122ms] [INFO] %cDownload the React DevTools for a better development experience: https://react.dev/link/react-devtools font-weight:bold @ http://localhost:3123/_next/static/chunks/node_modules_next_dist_115brz8._.js:2477
[   24153ms] [LOG] [HMR] connected @ http://localhost:3123/_next/static/chunks/node_modules_next_dist_115brz8._.js:2477
[   24182ms] [LOG] [Fast Refresh] rebuilding @ http://localhost:3123/_next/static/chunks/node_modules_next_dist_115brz8._.js:2477
[   24201ms] [WARNING] Image with src "/logotipos/BRS WORKSPACE FUNDO CLARO SEM FUNDO.png" has either width or height modified, but not the other. If you use CSS to change the size of your image, also include the styles 'width: "auto"' or 'height: "auto"' to maintain the aspect ratio. @ http://localhost:3123/_next/static/chunks/node_modules_next_dist_115brz8._.js:2477
[   24211ms] [ERROR] WebSocket is already in CLOSING or CLOSED state. @ http://localhost:3123/_next/static/chunks/node_modules_next_dist_115brz8._.js:2836
[   24361ms] [INFO] %cDownload the React DevTools for a better development experience: https://react.dev/link/react-devtools font-weight:bold @ http://localhost:3123/_next/static/chunks/node_modules_next_dist_115brz8._.js:2477
[   24389ms] [LOG] [HMR] connected @ http://localhost:3123/_next/static/chunks/node_modules_next_dist_115brz8._.js:2477
[   24414ms] [LOG] [Fast Refresh] rebuilding @ http://localhost:3123/_next/static/chunks/node_modules_next_dist_115brz8._.js:2477
[   24462ms] [WARNING] Image with src "/logotipos/BRS WORKSPACE FUNDO CLARO SEM FUNDO.png" has either width or height modified, but not the other. If you use CSS to change the size of your image, also include the styles 'width: "auto"' or 'height: "auto"' to maintain the aspect ratio. @ http://localhost:3123/_next/static/chunks/node_modules_next_dist_115brz8._.js:2477
[   24465ms] [ERROR] WebSocket is already in CLOSING or CLOSED state. @ http://localhost:3123/_next/static/chunks/node_modules_next_dist_115brz8._.js:2836
[   24574ms] [INFO] %cDownload the React DevTools for a better development experience: https://react.dev/link/react-devtools font-weight:bold @ http://localhost:3123/_next/static/chunks/node_modules_next_dist_115brz8._.js:2477
[   24595ms] [LOG] [HMR] connected @ http://localhost:3123/_next/static/chunks/node_modules_next_dist_115brz8._.js:2477
[   24641ms] [WARNING] Image with src "/logotipos/BRS WORKSPACE FUNDO CLARO SEM FUNDO.png" has either width or height modified, but not the other. If you use CSS to change the size of your image, also include the styles 'width: "auto"' or 'height: "auto"' to maintain the aspect ratio. @ http://localhost:3123/_next/static/chunks/node_modules_next_dist_115brz8._.js:2477
[   24644ms] [ERROR] WebSocket is already in CLOSING or CLOSED state. @ http://localhost:3123/_next/static/chunks/node_modules_next_dist_115brz8._.js:2836
[   24812ms] [INFO] %cDownload the React DevTools for a better development experience: https://react.dev/link/react-devtools font-weight:bold @ http://localhost:3123/_next/static/chunks/node_modules_next_dist_115brz8._.js:2477
[   24845ms] [LOG] [HMR] connected @ http://localhost:3123/_next/static/chunks/node_modules_next_dist_115brz8._.js:2477
[   24874ms] [LOG] [Fast Refresh] rebuilding @ http://localhost:3123/_next/static/chunks/node_modules_next_dist_115brz8._.js:2477
[   24905ms] [WARNING] Image with src "/logotipos/BRS WORKSPACE FUNDO CLARO SEM FUNDO.png" has either width or height modified, but not the other. If you use CSS to change the size of your image, also include the styles 'width: "auto"' or 'height: "auto"' to maintain the aspect ratio. @ http://localhost:3123/_next/static/chunks/node_modules_next_dist_115brz8._.js:2477
[   24907ms] [ERROR] WebSocket is already in CLOSING or CLOSED state. @ http://localhost:3123/_next/static/chunks/node_modules_next_dist_115brz8._.js:2836
[   25025ms] [INFO] %cDownload the React DevTools for a better development experience: https://react.dev/link/react-devtools font-weight:bold @ http://localhost:3123/_next/static/chunks/node_modules_next_dist_115brz8._.js:2477
[   25050ms] [LOG] [HMR] connected @ http://localhost:3123/_next/static/chunks/node_modules_next_dist_115brz8._.js:2477
[   25093ms] [LOG] [Fast Refresh] rebuilding @ http://localhost:3123/_next/static/chunks/node_modules_next_dist_115brz8._.js:2477
[   25108ms] [WARNING] Image with src "/logotipos/BRS WORKSPACE FUNDO CLARO SEM FUNDO.png" has either width or height modified, but not the other. If you use CSS to change the size of your image, also include the styles 'width: "auto"' or 'height: "auto"' to maintain the aspect ratio. @ http://localhost:3123/_next/static/chunks/node_modules_next_dist_115brz8._.js:2477
[   25113ms] [ERROR] WebSocket is already in CLOSING or CLOSED state. @ http://localhost:3123/_next/static/chunks/node_modules_next_dist_115brz8._.js:2836
[   25250ms] [INFO] %cDownload the React DevTools for a better development experience: https://react.dev/link/react-devtools font-weight:bold @ http://localhost:3123/_next/static/chunks/node_modules_next_dist_115brz8._.js:2477
[   25283ms] [LOG] [HMR] connected @ http://localhost:3123/_next/static/chunks/node_modules_next_dist_115brz8._.js:2477
[   25319ms] [LOG] [Fast Refresh] rebuilding @ http://localhost:3123/_next/static/chunks/node_modules_next_dist_115brz8._.js:2477
[   25345ms] [WARNING] Image with src "/logotipos/BRS WORKSPACE FUNDO CLARO SEM FUNDO.png" has either width or height modified, but not the other. If you use CSS to change the size of your image, also include the styles 'width: "auto"' or 'height: "auto"' to maintain the aspect ratio. @ http://localhost:3123/_next/static/chunks/node_modules_next_dist_115brz8._.js:2477
[   25347ms] [ERROR] WebSocket is already in CLOSING or CLOSED state. @ http://localhost:3123/_next/static/chunks/node_modules_next_dist_115brz8._.js:2836
[   25463ms] [INFO] %cDownload the React DevTools for a better development experience: https://react.dev/link/react-devtools font-weight:bold @ http://localhost:3123/_next/static/chunks/node_modules_next_dist_115brz8._.js:2477
[   25489ms] [LOG] [HMR] connected @ http://localhost:3123/_next/static/chunks/node_modules_next_dist_115brz8._.js:2477
[   25533ms] [LOG] [Fast Refresh] rebuilding @ http://localhost:3123/_next/static/chunks/node_modules_next_dist_115brz8._.js:2477
[   25549ms] [WARNING] Image with src "/logotipos/BRS WORKSPACE FUNDO CLARO SEM FUNDO.png" has either width or height modified, but not the other. If you use CSS to change the size of your image, also include the styles 'width: "auto"' or 'height: "auto"' to maintain the aspect ratio. @ http://localhost:3123/_next/static/chunks/node_modules_next_dist_115brz8._.js:2477
[   25564ms] [ERROR] WebSocket is already in CLOSING or CLOSED state. @ http://localhost:3123/_next/static/chunks/node_modules_next_dist_115brz8._.js:2836
[   25684ms] [INFO] %cDownload the React DevTools for a better development experience: https://react.dev/link/react-devtools font-weight:bold @ http://localhost:3123/_next/static/chunks/node_modules_next_dist_115brz8._.js:2477
[   25711ms] [LOG] [HMR] connected @ http://localhost:3123/_next/static/chunks/node_modules_next_dist_115brz8._.js:2477
[   25726ms] [LOG] [Fast Refresh] rebuilding @ http://localhost:3123/_next/static/chunks/node_modules_next_dist_115brz8._.js:2477
[   25763ms] [WARNING] Image with src "/logotipos/BRS WORKSPACE FUNDO CLARO SEM FUNDO.png" has either width or height modified, but not the other. If you use CSS to change the size of your image, also include the styles 'width: "auto"' or 'height: "auto"' to maintain the aspect ratio. @ http://localhost:3123/_next/static/chunks/node_modules_next_dist_115brz8._.js:2477
[   25767ms] [ERROR] WebSocket is already in CLOSING or CLOSED state. @ http://localhost:3123/_next/static/chunks/node_modules_next_dist_115brz8._.js:2836
[   25882ms] [INFO] %cDownload the React DevTools for a better development experience: https://react.dev/link/react-devtools font-weight:bold @ http://localhost:3123/_next/static/chunks/node_modules_next_dist_115brz8._.js:2477
[   25918ms] [LOG] [HMR] connected @ http://localhost:3123/_next/static/chunks/node_modules_next_dist_115brz8._.js:2477
[   25941ms] [LOG] [Fast Refresh] rebuilding @ http://localhost:3123/_next/static/chunks/node_modules_next_dist_115brz8._.js:2477
[   25978ms] [WARNING] Image with src "/logotipos/BRS WORKSPACE FUNDO CLARO SEM FUNDO.png" has either width or height modified, but not the other. If you use CSS to change the size of your image, also include the styles 'width: "auto"' or 'height: "auto"' to maintain the aspect ratio. @ http://localhost:3123/_next/static/chunks/node_modules_next_dist_115brz8._.js:2477
[   25983ms] [ERROR] WebSocket is already in CLOSING or CLOSED state. @ http://localhost:3123/_next/static/chunks/node_modules_next_dist_115brz8._.js:2836
[   26087ms] [INFO] %cDownload the React DevTools for a better development experience: https://react.dev/link/react-devtools font-weight:bold @ http://localhost:3123/_next/static/chunks/node_modules_next_dist_115brz8._.js:2477
[   26117ms] [LOG] [HMR] connected @ http://localhost:3123/_next/static/chunks/node_modules_next_dist_115brz8._.js:2477
[   26171ms] [WARNING] Image with src "/logotipos/BRS WORKSPACE FUNDO CLARO SEM FUNDO.png" has either width or height modified, but not the other. If you use CSS to change the size of your image, also include the styles 'width: "auto"' or 'height: "auto"' to maintain the aspect ratio. @ http://localhost:3123/_next/static/chunks/node_modules_next_dist_115brz8._.js:2477
[   26171ms] [ERROR] WebSocket is already in CLOSING or CLOSED state. @ http://localhost:3123/_next/static/chunks/node_modules_next_dist_115brz8._.js:2836
[   26330ms] [INFO] %cDownload the React DevTools for a better development experience: https://react.dev/link/react-devtools font-weight:bold @ http://localhost:3123/_next/static/chunks/node_modules_next_dist_115brz8._.js:2477
[   26356ms] [LOG] [HMR] connected @ http://localhost:3123/_next/static/chunks/node_modules_next_dist_115brz8._.js:2477
[   26407ms] [LOG] [Fast Refresh] rebuilding @ http://localhost:3123/_next/static/chunks/node_modules_next_dist_115brz8._.js:2477
[   26418ms] [WARNING] Image with src "/logotipos/BRS WORKSPACE FUNDO CLARO SEM FUNDO.png" has either width or height modified, but not the other. If you use CSS to change the size of your image, also include the styles 'width: "auto"' or 'height: "auto"' to maintain the aspect ratio. @ http://localhost:3123/_next/static/chunks/node_modules_next_dist_115brz8._.js:2477
[   26441ms] [ERROR] WebSocket is already in CLOSING or CLOSED state. @ http://localhost:3123/_next/static/chunks/node_modules_next_dist_115brz8._.js:2836
[   26554ms] [INFO] %cDownload the React DevTools for a better development experience: https://react.dev/link/react-devtools font-weight:bold @ http://localhost:3123/_next/static/chunks/node_modules_next_dist_115brz8._.js:2477
[   26745ms] [LOG] [HMR] connected @ http://localhost:3123/_next/static/chunks/node_modules_next_dist_115brz8._.js:2477
[   26842ms] [LOG] [Fast Refresh] rebuilding @ http://localhost:3123/_next/static/chunks/node_modules_next_dist_115brz8._.js:2477
[   26904ms] [WARNING] Image with src "/logotipos/BRS WORKSPACE FUNDO CLARO SEM FUNDO.png" has either width or height modified, but not the other. If you use CSS to change the size of your image, also include the styles 'width: "auto"' or 'height: "auto"' to maintain the aspect ratio. @ http://localhost:3123/_next/static/chunks/node_modules_next_dist_115brz8._.js:2477
[   26919ms] [ERROR] WebSocket is already in CLOSING or CLOSED state. @ http://localhost:3123/_next/static/chunks/node_modules_next_dist_115brz8._.js:2836
[   27012ms] [INFO] %cDownload the React DevTools for a better development experience: https://react.dev/link/react-devtools font-weight:bold @ http://localhost:3123/_next/static/chunks/node_modules_next_dist_115brz8._.js:2477
[   27050ms] [LOG] [HMR] connected @ http://localhost:3123/_next/static/chunks/node_modules_next_dist_115brz8._.js:2477
[   27082ms] [LOG] [Fast Refresh] rebuilding @ http://localhost:3123/_next/static/chunks/node_modules_next_dist_115brz8._.js:2477
[   27099ms] [WARNING] Image with src "/logotipos/BRS WORKSPACE FUNDO CLARO SEM FUNDO.png" has either width or height modified, but not the other. If you use CSS to change the size of your image, also include the styles 'width: "auto"' or 'height: "auto"' to maintain the aspect ratio. @ http://localhost:3123/_next/static/chunks/node_modules_next_dist_115brz8._.js:2477
[   27115ms] [ERROR] WebSocket is already in CLOSING or CLOSED state. @ http://localhost:3123/_next/static/chunks/node_modules_next_dist_115brz8._.js:2836
[   27685ms] [INFO] %cDownload the React DevTools for a better development experience: https://react.dev/link/react-devtools font-weight:bold @ http://localhost:3123/_next/static/chunks/node_modules_next_dist_115brz8._.js:2477
[   27713ms] [LOG] [HMR] connected @ http://localhost:3123/_next/static/chunks/node_modules_next_dist_115brz8._.js:2477
[   27739ms] [LOG] [Fast Refresh] rebuilding @ http://localhost:3123/_next/static/chunks/node_modules_next_dist_115brz8._.js:2477
[   27767ms] [WARNING] Image with src "/logotipos/BRS WORKSPACE FUNDO CLARO SEM FUNDO.png" has either width or height modified, but not the other. If you use CSS to change the size of your image, also include the styles 'width: "auto"' or 'height: "auto"' to maintain the aspect ratio. @ http://localhost:3123/_next/static/chunks/node_modules_next_dist_115brz8._.js:2477
[   27773ms] [ERROR] WebSocket is already in CLOSING or CLOSED state. @ http://localhost:3123/_next/static/chunks/node_modules_next_dist_115brz8._.js:2836
[   27891ms] [INFO] %cDownload the React DevTools for a better development experience: https://react.dev/link/react-devtools font-weight:bold @ http://localhost:3123/_next/static/chunks/node_modules_next_dist_115brz8._.js:2477
[   27922ms] [LOG] [HMR] connected @ http://localhost:3123/_next/static/chunks/node_modules_next_dist_115brz8._.js:2477
[   28118ms] [LOG] [Fast Refresh] rebuilding @ http://localhost:3123/_next/static/chunks/node_modules_next_dist_115brz8._.js:2477
[   28199ms] [WARNING] Image with src "/logotipos/BRS WORKSPACE FUNDO CLARO SEM FUNDO.png" has either width or height modified, but not the other. If you use CSS to change the size of your image, also include the styles 'width: "auto"' or 'height: "auto"' to maintain the aspect ratio. @ http://localhost:3123/_next/static/chunks/node_modules_next_dist_115brz8._.js:2477
[   28208ms] [ERROR] WebSocket is already in CLOSING or CLOSED state. @ http://localhost:3123/_next/static/chunks/node_modules_next_dist_115brz8._.js:2836
[   28323ms] [INFO] %cDownload the React DevTools for a better development experience: https://react.dev/link/react-devtools font-weight:bold @ http://localhost:3123/_next/static/chunks/node_modules_next_dist_115brz8._.js:2477
[   28350ms] [LOG] [HMR] connected @ http://localhost:3123/_next/static/chunks/node_modules_next_dist_115brz8._.js:2477
[   28373ms] [LOG] [Fast Refresh] rebuilding @ http://localhost:3123/_next/static/chunks/node_modules_next_dist_115brz8._.js:2477
[   28405ms] [WARNING] Image with src "/logotipos/BRS WORKSPACE FUNDO CLARO SEM FUNDO.png" has either width or height modified, but not the other. If you use CSS to change the size of your image, also include the styles 'width: "auto"' or 'height: "auto"' to maintain the aspect ratio. @ http://localhost:3123/_next/static/chunks/node_modules_next_dist_115brz8._.js:2477
[   28408ms] [ERROR] WebSocket is already in CLOSING or CLOSED state. @ http://localhost:3123/_next/static/chunks/node_modules_next_dist_115brz8._.js:2836
[   28547ms] [INFO] %cDownload the React DevTools for a better development experience: https://react.dev/link/react-devtools font-weight:bold @ http://localhost:3123/_next/static/chunks/node_modules_next_dist_115brz8._.js:2477
[   28581ms] [LOG] [HMR] connected @ http://localhost:3123/_next/static/chunks/node_modules_next_dist_115brz8._.js:2477
[   28606ms] [LOG] [Fast Refresh] rebuilding @ http://localhost:3123/_next/static/chunks/node_modules_next_dist_115brz8._.js:2477
[   28642ms] [WARNING] Image with src "/logotipos/BRS WORKSPACE FUNDO CLARO SEM FUNDO.png" has either width or height modified, but not the other. If you use CSS to change the size of your image, also include the styles 'width: "auto"' or 'height: "auto"' to maintain the aspect ratio. @ http://localhost:3123/_next/static/chunks/node_modules_next_dist_115brz8._.js:2477
[   28643ms] [ERROR] WebSocket is already in CLOSING or CLOSED state. @ http://localhost:3123/_next/static/chunks/node_modules_next_dist_115brz8._.js:2836
[   28749ms] [INFO] %cDownload the React DevTools for a better development experience: https://react.dev/link/react-devtools font-weight:bold @ http://localhost:3123/_next/static/chunks/node_modules_next_dist_115brz8._.js:2477
[   28781ms] [LOG] [HMR] connected @ http://localhost:3123/_next/static/chunks/node_modules_next_dist_115brz8._.js:2477
[   28807ms] [LOG] [Fast Refresh] rebuilding @ http://localhost:3123/_next/static/chunks/node_modules_next_dist_115brz8._.js:2477
[   28861ms] [WARNING] Image with src "/logotipos/BRS WORKSPACE FUNDO CLARO SEM FUNDO.png" has either width or height modified, but not the other. If you use CSS to change the size of your image, also include the styles 'width: "auto"' or 'height: "auto"' to maintain the aspect ratio. @ http://localhost:3123/_next/static/chunks/node_modules_next_dist_115brz8._.js:2477
[   28863ms] [ERROR] WebSocket is already in CLOSING or CLOSED state. @ http://localhost:3123/_next/static/chunks/node_modules_next_dist_115brz8._.js:2836
[   28957ms] [INFO] %cDownload the React DevTools for a better development experience: https://react.dev/link/react-devtools font-weight:bold @ http://localhost:3123/_next/static/chunks/node_modules_next_dist_115brz8._.js:2477
[   28981ms] [LOG] [HMR] connected @ http://localhost:3123/_next/static/chunks/node_modules_next_dist_115brz8._.js:2477
[   29009ms] [LOG] [Fast Refresh] rebuilding @ http://localhost:3123/_next/static/chunks/node_modules_next_dist_115brz8._.js:2477
[   29036ms] [WARNING] Image with src "/logotipos/BRS WORKSPACE FUNDO CLARO SEM FUNDO.png" has either width or height modified, but not the other. If you use CSS to change the size of your image, also include the styles 'width: "auto"' or 'height: "auto"' to maintain the aspect ratio. @ http://localhost:3123/_next/static/chunks/node_modules_next_dist_115brz8._.js:2477
[   29043ms] [ERROR] WebSocket is already in CLOSING or CLOSED state. @ http://localhost:3123/_next/static/chunks/node_modules_next_dist_115brz8._.js:2836
[   29156ms] [INFO] %cDownload the React DevTools for a better development experience: https://react.dev/link/react-devtools font-weight:bold @ http://localhost:3123/_next/static/chunks/node_modules_next_dist_115brz8._.js:2477
[   29194ms] [LOG] [HMR] connected @ http://localhost:3123/_next/static/chunks/node_modules_next_dist_115brz8._.js:2477
[   29215ms] [LOG] [Fast Refresh] rebuilding @ http://localhost:3123/_next/static/chunks/node_modules_next_dist_115brz8._.js:2477
[   29250ms] [WARNING] Image with src "/logotipos/BRS WORKSPACE FUNDO CLARO SEM FUNDO.png" has either width or height modified, but not the other. If you use CSS to change the size of your image, also include the styles 'width: "auto"' or 'height: "auto"' to maintain the aspect ratio. @ http://localhost:3123/_next/static/chunks/node_modules_next_dist_115brz8._.js:2477
[   29271ms] [ERROR] WebSocket is already in CLOSING or CLOSED state. @ http://localhost:3123/_next/static/chunks/node_modules_next_dist_115brz8._.js:2836
[   29370ms] [INFO] %cDownload the React DevTools for a better development experience: https://react.dev/link/react-devtools font-weight:bold @ http://localhost:3123/_next/static/chunks/node_modules_next_dist_115brz8._.js:2477
[   29393ms] [LOG] [HMR] connected @ http://localhost:3123/_next/static/chunks/node_modules_next_dist_115brz8._.js:2477
[   29437ms] [WARNING] Image with src "/logotipos/BRS WORKSPACE FUNDO CLARO SEM FUNDO.png" has either width or height modified, but not the other. If you use CSS to change the size of your image, also include the styles 'width: "auto"' or 'height: "auto"' to maintain the aspect ratio. @ http://localhost:3123/_next/static/chunks/node_modules_next_dist_115brz8._.js:2477
[   29445ms] [ERROR] WebSocket is already in CLOSING or CLOSED state. @ http://localhost:3123/_next/static/chunks/node_modules_next_dist_115brz8._.js:2836
[   29578ms] [INFO] %cDownload the React DevTools for a better development experience: https://react.dev/link/react-devtools font-weight:bold @ http://localhost:3123/_next/static/chunks/node_modules_next_dist_115brz8._.js:2477
[   29605ms] [LOG] [HMR] connected @ http://localhost:3123/_next/static/chunks/node_modules_next_dist_115brz8._.js:2477
[   29635ms] [LOG] [Fast Refresh] rebuilding @ http://localhost:3123/_next/static/chunks/node_modules_next_dist_115brz8._.js:2477
[   29663ms] [WARNING] Image with src "/logotipos/BRS WORKSPACE FUNDO CLARO SEM FUNDO.png" has either width or height modified, but not the other. If you use CSS to change the size of your image, also include the styles 'width: "auto"' or 'height: "auto"' to maintain the aspect ratio. @ http://localhost:3123/_next/static/chunks/node_modules_next_dist_115brz8._.js:2477
[   29663ms] [ERROR] WebSocket is already in CLOSING or CLOSED state. @ http://localhost:3123/_next/static/chunks/node_modules_next_dist_115brz8._.js:2836
[   29792ms] [INFO] %cDownload the React DevTools for a better development experience: https://react.dev/link/react-devtools font-weight:bold @ http://localhost:3123/_next/static/chunks/node_modules_next_dist_115brz8._.js:2477
[   29823ms] [LOG] [HMR] connected @ http://localhost:3123/_next/static/chunks/node_modules_next_dist_115brz8._.js:2477
[   29865ms] [LOG] [Fast Refresh] rebuilding @ http://localhost:3123/_next/static/chunks/node_modules_next_dist_115brz8._.js:2477
[   29919ms] [WARNING] Image with src "/logotipos/BRS WORKSPACE FUNDO CLARO SEM FUNDO.png" has either width or height modified, but not the other. If you use CSS to change the size of your image, also include the styles 'width: "auto"' or 'height: "auto"' to maintain the aspect ratio. @ http://localhost:3123/_next/static/chunks/node_modules_next_dist_115brz8._.js:2477
[   29937ms] [ERROR] WebSocket is already in CLOSING or CLOSED state. @ http://localhost:3123/_next/static/chunks/node_modules_next_dist_115brz8._.js:2836
[   30294ms] [INFO] %cDownload the React DevTools for a better development experience: https://react.dev/link/react-devtools font-weight:bold @ http://localhost:3123/_next/static/chunks/node_modules_next_dist_115brz8._.js:2477
[   30371ms] [LOG] [HMR] connected @ http://localhost:3123/_next/static/chunks/node_modules_next_dist_115brz8._.js:2477
[   30482ms] [WARNING] Image with src "/logotipos/BRS WORKSPACE FUNDO CLARO SEM FUNDO.png" has either width or height modified, but not the other. If you use CSS to change the size of your image, also include the styles 'width: "auto"' or 'height: "auto"' to maintain the aspect ratio. @ http://localhost:3123/_next/static/chunks/node_modules_next_dist_115brz8._.js:2477
[   30487ms] [ERROR] WebSocket is already in CLOSING or CLOSED state. @ http://localhost:3123/_next/static/chunks/node_modules_next_dist_115brz8._.js:2836
[   30828ms] [INFO] %cDownload the React DevTools for a better development experience: https://react.dev/link/react-devtools font-weight:bold @ http://localhost:3123/_next/static/chunks/node_modules_next_dist_115brz8._.js:2477
[   30859ms] [LOG] [HMR] connected @ http://localhost:3123/_next/static/chunks/node_modules_next_dist_115brz8._.js:2477
[   30891ms] [LOG] [Fast Refresh] rebuilding @ http://localhost:3123/_next/static/chunks/node_modules_next_dist_115brz8._.js:2477
[   30909ms] [WARNING] Image with src "/logotipos/BRS WORKSPACE FUNDO CLARO SEM FUNDO.png" has either width or height modified, but not the other. If you use CSS to change the size of your image, also include the styles 'width: "auto"' or 'height: "auto"' to maintain the aspect ratio. @ http://localhost:3123/_next/static/chunks/node_modules_next_dist_115brz8._.js:2477
[   30918ms] [ERROR] WebSocket is already in CLOSING or CLOSED state. @ http://localhost:3123/_next/static/chunks/node_modules_next_dist_115brz8._.js:2836
[   31060ms] [INFO] %cDownload the React DevTools for a better development experience: https://react.dev/link/react-devtools font-weight:bold @ http://localhost:3123/_next/static/chunks/node_modules_next_dist_115brz8._.js:2477
[   31086ms] [LOG] [HMR] connected @ http://localhost:3123/_next/static/chunks/node_modules_next_dist_115brz8._.js:2477
[   31112ms] [LOG] [Fast Refresh] rebuilding @ http://localhost:3123/_next/static/chunks/node_modules_next_dist_115brz8._.js:2477
[   31144ms] [WARNING] Image with src "/logotipos/BRS WORKSPACE FUNDO CLARO SEM FUNDO.png" has either width or height modified, but not the other. If you use CSS to change the size of your image, also include the styles 'width: "auto"' or 'height: "auto"' to maintain the aspect ratio. @ http://localhost:3123/_next/static/chunks/node_modules_next_dist_115brz8._.js:2477
[   31151ms] [ERROR] WebSocket is already in CLOSING or CLOSED state. @ http://localhost:3123/_next/static/chunks/node_modules_next_dist_115brz8._.js:2836
[   31254ms] [INFO] %cDownload the React DevTools for a better development experience: https://react.dev/link/react-devtools font-weight:bold @ http://localhost:3123/_next/static/chunks/node_modules_next_dist_115brz8._.js:2477
[   31287ms] [LOG] [HMR] connected @ http://localhost:3123/_next/static/chunks/node_modules_next_dist_115brz8._.js:2477
[   31318ms] [LOG] [Fast Refresh] rebuilding @ http://localhost:3123/_next/static/chunks/node_modules_next_dist_115brz8._.js:2477
[   31333ms] [WARNING] Image with src "/logotipos/BRS WORKSPACE FUNDO CLARO SEM FUNDO.png" has either width or height modified, but not the other. If you use CSS to change the size of your image, also include the styles 'width: "auto"' or 'height: "auto"' to maintain the aspect ratio. @ http://localhost:3123/_next/static/chunks/node_modules_next_dist_115brz8._.js:2477
[   31336ms] [ERROR] WebSocket is already in CLOSING or CLOSED state. @ http://localhost:3123/_next/static/chunks/node_modules_next_dist_115brz8._.js:2836
[   31462ms] [INFO] %cDownload the React DevTools for a better development experience: https://react.dev/link/react-devtools font-weight:bold @ http://localhost:3123/_next/static/chunks/node_modules_next_dist_115brz8._.js:2477
[   31490ms] [LOG] [HMR] connected @ http://localhost:3123/_next/static/chunks/node_modules_next_dist_115brz8._.js:2477
[   31516ms] [LOG] [Fast Refresh] rebuilding @ http://localhost:3123/_next/static/chunks/node_modules_next_dist_115brz8._.js:2477
[   31547ms] [WARNING] Image with src "/logotipos/BRS WORKSPACE FUNDO CLARO SEM FUNDO.png" has either width or height modified, but not the other. If you use CSS to change the size of your image, also include the styles 'width: "auto"' or 'height: "auto"' to maintain the aspect ratio. @ http://localhost:3123/_next/static/chunks/node_modules_next_dist_115brz8._.js:2477
[   31552ms] [ERROR] WebSocket is already in CLOSING or CLOSED state. @ http://localhost:3123/_next/static/chunks/node_modules_next_dist_115brz8._.js:2836
[   31663ms] [INFO] %cDownload the React DevTools for a better development experience: https://react.dev/link/react-devtools font-weight:bold @ http://localhost:3123/_next/static/chunks/node_modules_next_dist_115brz8._.js:2477
[   31684ms] [LOG] [HMR] connected @ http://localhost:3123/_next/static/chunks/node_modules_next_dist_115brz8._.js:2477
[   31729ms] [LOG] [Fast Refresh] rebuilding @ http://localhost:3123/_next/static/chunks/node_modules_next_dist_115brz8._.js:2477
[   31747ms] [WARNING] Image with src "/logotipos/BRS WORKSPACE FUNDO CLARO SEM FUNDO.png" has either width or height modified, but not the other. If you use CSS to change the size of your image, also include the styles 'width: "auto"' or 'height: "auto"' to maintain the aspect ratio. @ http://localhost:3123/_next/static/chunks/node_modules_next_dist_115brz8._.js:2477
[   31767ms] [ERROR] WebSocket is already in CLOSING or CLOSED state. @ http://localhost:3123/_next/static/chunks/node_modules_next_dist_115brz8._.js:2836
[   31889ms] [INFO] %cDownload the React DevTools for a better development experience: https://react.dev/link/react-devtools font-weight:bold @ http://localhost:3123/_next/static/chunks/node_modules_next_dist_115brz8._.js:2477
[   31922ms] [LOG] [HMR] connected @ http://localhost:3123/_next/static/chunks/node_modules_next_dist_115brz8._.js:2477
[   31952ms] [LOG] [Fast Refresh] rebuilding @ http://localhost:3123/_next/static/chunks/node_modules_next_dist_115brz8._.js:2477
[   31979ms] [WARNING] Image with src "/logotipos/BRS WORKSPACE FUNDO CLARO SEM FUNDO.png" has either width or height modified, but not the other. If you use CSS to change the size of your image, also include the styles 'width: "auto"' or 'height: "auto"' to maintain the aspect ratio. @ http://localhost:3123/_next/static/chunks/node_modules_next_dist_115brz8._.js:2477
[   31987ms] [ERROR] WebSocket is already in CLOSING or CLOSED state. @ http://localhost:3123/_next/static/chunks/node_modules_next_dist_115brz8._.js:2836
[   32084ms] [INFO] %cDownload the React DevTools for a better development experience: https://react.dev/link/react-devtools font-weight:bold @ http://localhost:3123/_next/static/chunks/node_modules_next_dist_115brz8._.js:2477
[   32111ms] [LOG] [HMR] connected @ http://localhost:3123/_next/static/chunks/node_modules_next_dist_115brz8._.js:2477
[   32130ms] [LOG] [Fast Refresh] rebuilding @ http://localhost:3123/_next/static/chunks/node_modules_next_dist_115brz8._.js:2477
[   32177ms] [WARNING] Image with src "/logotipos/BRS WORKSPACE FUNDO CLARO SEM FUNDO.png" has either width or height modified, but not the other. If you use CSS to change the size of your image, also include the styles 'width: "auto"' or 'height: "auto"' to maintain the aspect ratio. @ http://localhost:3123/_next/static/chunks/node_modules_next_dist_115brz8._.js:2477
[   32188ms] [ERROR] WebSocket is already in CLOSING or CLOSED state. @ http://localhost:3123/_next/static/chunks/node_modules_next_dist_115brz8._.js:2836
[   32309ms] [INFO] %cDownload the React DevTools for a better development experience: https://react.dev/link/react-devtools font-weight:bold @ http://localhost:3123/_next/static/chunks/node_modules_next_dist_115brz8._.js:2477
[   32335ms] [LOG] [HMR] connected @ http://localhost:3123/_next/static/chunks/node_modules_next_dist_115brz8._.js:2477
[   32363ms] [LOG] [Fast Refresh] rebuilding @ http://localhost:3123/_next/static/chunks/node_modules_next_dist_115brz8._.js:2477
[   32390ms] [WARNING] Image with src "/logotipos/BRS WORKSPACE FUNDO CLARO SEM FUNDO.png" has either width or height modified, but not the other. If you use CSS to change the size of your image, also include the styles 'width: "auto"' or 'height: "auto"' to maintain the aspect ratio. @ http://localhost:3123/_next/static/chunks/node_modules_next_dist_115brz8._.js:2477
[   32426ms] [ERROR] WebSocket is already in CLOSING or CLOSED state. @ http://localhost:3123/_next/static/chunks/node_modules_next_dist_115brz8._.js:2836
[   32535ms] [INFO] %cDownload the React DevTools for a better development experience: https://react.dev/link/react-devtools font-weight:bold @ http://localhost:3123/_next/static/chunks/node_modules_next_dist_115brz8._.js:2477
[   32569ms] [LOG] [HMR] connected @ http://localhost:3123/_next/static/chunks/node_modules_next_dist_115brz8._.js:2477
[   32616ms] [LOG] [Fast Refresh] rebuilding @ http://localhost:3123/_next/static/chunks/node_modules_next_dist_115brz8._.js:2477
[   32626ms] [WARNING] Image with src "/logotipos/BRS WORKSPACE FUNDO CLARO SEM FUNDO.png" has either width or height modified, but not the other. If you use CSS to change the size of your image, also include the styles 'width: "auto"' or 'height: "auto"' to maintain the aspect ratio. @ http://localhost:3123/_next/static/chunks/node_modules_next_dist_115brz8._.js:2477
[   32630ms] [ERROR] WebSocket is already in CLOSING or CLOSED state. @ http://localhost:3123/_next/static/chunks/node_modules_next_dist_115brz8._.js:2836
[   32783ms] [INFO] %cDownload the React DevTools for a better development experience: https://react.dev/link/react-devtools font-weight:bold @ http://localhost:3123/_next/static/chunks/node_modules_next_dist_115brz8._.js:2477
[   32840ms] [LOG] [HMR] connected @ http://localhost:3123/_next/static/chunks/node_modules_next_dist_115brz8._.js:2477
[   32879ms] [LOG] [Fast Refresh] rebuilding @ http://localhost:3123/_next/static/chunks/node_modules_next_dist_115brz8._.js:2477
[   32908ms] [WARNING] Image with src "/logotipos/BRS WORKSPACE FUNDO CLARO SEM FUNDO.png" has either width or height modified, but not the other. If you use CSS to change the size of your image, also include the styles 'width: "auto"' or 'height: "auto"' to maintain the aspect ratio. @ http://localhost:3123/_next/static/chunks/node_modules_next_dist_115brz8._.js:2477
[   32924ms] [ERROR] WebSocket is already in CLOSING or CLOSED state. @ http://localhost:3123/_next/static/chunks/node_modules_next_dist_115brz8._.js:2836
[   33017ms] [INFO] %cDownload the React DevTools for a better development experience: https://react.dev/link/react-devtools font-weight:bold @ http://localhost:3123/_next/static/chunks/node_modules_next_dist_115brz8._.js:2477
[   33044ms] [LOG] [HMR] connected @ http://localhost:3123/_next/static/chunks/node_modules_next_dist_115brz8._.js:2477
[   33061ms] [LOG] [Fast Refresh] rebuilding @ http://localhost:3123/_next/static/chunks/node_modules_next_dist_115brz8._.js:2477
[   33092ms] [WARNING] Image with src "/logotipos/BRS WORKSPACE FUNDO CLARO SEM FUNDO.png" has either width or height modified, but not the other. If you use CSS to change the size of your image, also include the styles 'width: "auto"' or 'height: "auto"' to maintain the aspect ratio. @ http://localhost:3123/_next/static/chunks/node_modules_next_dist_115brz8._.js:2477
[   33092ms] [ERROR] WebSocket is already in CLOSING or CLOSED state. @ http://localhost:3123/_next/static/chunks/node_modules_next_dist_115brz8._.js:2836
[   33216ms] [INFO] %cDownload the React DevTools for a better development experience: https://react.dev/link/react-devtools font-weight:bold @ http://localhost:3123/_next/static/chunks/node_modules_next_dist_115brz8._.js:2477
[   33240ms] [LOG] [HMR] connected @ http://localhost:3123/_next/static/chunks/node_modules_next_dist_115brz8._.js:2477
[   33259ms] [LOG] [Fast Refresh] rebuilding @ http://localhost:3123/_next/static/chunks/node_modules_next_dist_115brz8._.js:2477
[   33325ms] [WARNING] Image with src "/logotipos/BRS WORKSPACE FUNDO CLARO SEM FUNDO.png" has either width or height modified, but not the other. If you use CSS to change the size of your image, also include the styles 'width: "auto"' or 'height: "auto"' to maintain the aspect ratio. @ http://localhost:3123/_next/static/chunks/node_modules_next_dist_115brz8._.js:2477
[   33328ms] [ERROR] WebSocket is already in CLOSING or CLOSED state. @ http://localhost:3123/_next/static/chunks/node_modules_next_dist_115brz8._.js:2836
[   33426ms] [INFO] %cDownload the React DevTools for a better development experience: https://react.dev/link/react-devtools font-weight:bold @ http://localhost:3123/_next/static/chunks/node_modules_next_dist_115brz8._.js:2477
[   33451ms] [LOG] [HMR] connected @ http://localhost:3123/_next/static/chunks/node_modules_next_dist_115brz8._.js:2477
[   33482ms] [LOG] [Fast Refresh] rebuilding @ http://localhost:3123/_next/static/chunks/node_modules_next_dist_115brz8._.js:2477
[   33503ms] [WARNING] Image with src "/logotipos/BRS WORKSPACE FUNDO CLARO SEM FUNDO.png" has either width or height modified, but not the other. If you use CSS to change the size of your image, also include the styles 'width: "auto"' or 'height: "auto"' to maintain the aspect ratio. @ http://localhost:3123/_next/static/chunks/node_modules_next_dist_115brz8._.js:2477
[   33510ms] [ERROR] WebSocket is already in CLOSING or CLOSED state. @ http://localhost:3123/_next/static/chunks/node_modules_next_dist_115brz8._.js:2836
[   33615ms] [INFO] %cDownload the React DevTools for a better development experience: https://react.dev/link/react-devtools font-weight:bold @ http://localhost:3123/_next/static/chunks/node_modules_next_dist_115brz8._.js:2477
[   33640ms] [LOG] [HMR] connected @ http://localhost:3123/_next/static/chunks/node_modules_next_dist_115brz8._.js:2477
[   33670ms] [LOG] [Fast Refresh] rebuilding @ http://localhost:3123/_next/static/chunks/node_modules_next_dist_115brz8._.js:2477
[   33701ms] [WARNING] Image with src "/logotipos/BRS WORKSPACE FUNDO CLARO SEM FUNDO.png" has either width or height modified, but not the other. If you use CSS to change the size of your image, also include the styles 'width: "auto"' or 'height: "auto"' to maintain the aspect ratio. @ http://localhost:3123/_next/static/chunks/node_modules_next_dist_115brz8._.js:2477
[   33710ms] [ERROR] WebSocket is already in CLOSING or CLOSED state. @ http://localhost:3123/_next/static/chunks/node_modules_next_dist_115brz8._.js:2836
[   33853ms] [INFO] %cDownload the React DevTools for a better development experience: https://react.dev/link/react-devtools font-weight:bold @ http://localhost:3123/_next/static/chunks/node_modules_next_dist_115brz8._.js:2477
[   33878ms] [LOG] [HMR] connected @ http://localhost:3123/_next/static/chunks/node_modules_next_dist_115brz8._.js:2477
[   33931ms] [LOG] [Fast Refresh] rebuilding @ http://localhost:3123/_next/static/chunks/node_modules_next_dist_115brz8._.js:2477
[   33935ms] [WARNING] Image with src "/logotipos/BRS WORKSPACE FUNDO CLARO SEM FUNDO.png" has either width or height modified, but not the other. If you use CSS to change the size of your image, also include the styles 'width: "auto"' or 'height: "auto"' to maintain the aspect ratio. @ http://localhost:3123/_next/static/chunks/node_modules_next_dist_115brz8._.js:2477
[   33962ms] [ERROR] WebSocket is already in CLOSING or CLOSED state. @ http://localhost:3123/_next/static/chunks/node_modules_next_dist_115brz8._.js:2836
[   34119ms] [INFO] %cDownload the React DevTools for a better development experience: https://react.dev/link/react-devtools font-weight:bold @ http://localhost:3123/_next/static/chunks/node_modules_next_dist_115brz8._.js:2477
[   34145ms] [LOG] [HMR] connected @ http://localhost:3123/_next/static/chunks/node_modules_next_dist_115brz8._.js:2477
[   34178ms] [LOG] [Fast Refresh] rebuilding @ http://localhost:3123/_next/static/chunks/node_modules_next_dist_115brz8._.js:2477
[   34206ms] [WARNING] Image with src "/logotipos/BRS WORKSPACE FUNDO CLARO SEM FUNDO.png" has either width or height modified, but not the other. If you use CSS to change the size of your image, also include the styles 'width: "auto"' or 'height: "auto"' to maintain the aspect ratio. @ http://localhost:3123/_next/static/chunks/node_modules_next_dist_115brz8._.js:2477
[   34211ms] [ERROR] WebSocket is already in CLOSING or CLOSED state. @ http://localhost:3123/_next/static/chunks/node_modules_next_dist_115brz8._.js:2836
[   34331ms] [INFO] %cDownload the React DevTools for a better development experience: https://react.dev/link/react-devtools font-weight:bold @ http://localhost:3123/_next/static/chunks/node_modules_next_dist_115brz8._.js:2477
[   34360ms] [LOG] [HMR] connected @ http://localhost:3123/_next/static/chunks/node_modules_next_dist_115brz8._.js:2477
[   34412ms] [LOG] [Fast Refresh] rebuilding @ http://localhost:3123/_next/static/chunks/node_modules_next_dist_115brz8._.js:2477
[   34432ms] [WARNING] Image with src "/logotipos/BRS WORKSPACE FUNDO CLARO SEM FUNDO.png" has either width or height modified, but not the other. If you use CSS to change the size of your image, also include the styles 'width: "auto"' or 'height: "auto"' to maintain the aspect ratio. @ http://localhost:3123/_next/static/chunks/node_modules_next_dist_115brz8._.js:2477
[   34445ms] [ERROR] WebSocket is already in CLOSING or CLOSED state. @ http://localhost:3123/_next/static/chunks/node_modules_next_dist_115brz8._.js:2836
[   34548ms] [INFO] %cDownload the React DevTools for a better development experience: https://react.dev/link/react-devtools font-weight:bold @ http://localhost:3123/_next/static/chunks/node_modules_next_dist_115brz8._.js:2477
[   34580ms] [LOG] [HMR] connected @ http://localhost:3123/_next/static/chunks/node_modules_next_dist_115brz8._.js:2477
[   34603ms] [LOG] [Fast Refresh] rebuilding @ http://localhost:3123/_next/static/chunks/node_modules_next_dist_115brz8._.js:2477
[   34624ms] [WARNING] Image with src "/logotipos/BRS WORKSPACE FUNDO CLARO SEM FUNDO.png" has either width or height modified, but not the other. If you use CSS to change the size of your image, also include the styles 'width: "auto"' or 'height: "auto"' to maintain the aspect ratio. @ http://localhost:3123/_next/static/chunks/node_modules_next_dist_115brz8._.js:2477
[   34633ms] [ERROR] WebSocket is already in CLOSING or CLOSED state. @ http://localhost:3123/_next/static/chunks/node_modules_next_dist_115brz8._.js:2836
[   34959ms] [INFO] %cDownload the React DevTools for a better development experience: https://react.dev/link/react-devtools font-weight:bold @ http://localhost:3123/_next/static/chunks/node_modules_next_dist_115brz8._.js:2477
[   34983ms] [LOG] [HMR] connected @ http://localhost:3123/_next/static/chunks/node_modules_next_dist_115brz8._.js:2477
[   35003ms] [LOG] [Fast Refresh] rebuilding @ http://localhost:3123/_next/static/chunks/node_modules_next_dist_115brz8._.js:2477
[   35038ms] [WARNING] Image with src "/logotipos/BRS WORKSPACE FUNDO CLARO SEM FUNDO.png" has either width or height modified, but not the other. If you use CSS to change the size of your image, also include the styles 'width: "auto"' or 'height: "auto"' to maintain the aspect ratio. @ http://localhost:3123/_next/static/chunks/node_modules_next_dist_115brz8._.js:2477
[   35048ms] [ERROR] WebSocket is already in CLOSING or CLOSED state. @ http://localhost:3123/_next/static/chunks/node_modules_next_dist_115brz8._.js:2836
[   35141ms] [INFO] %cDownload the React DevTools for a better development experience: https://react.dev/link/react-devtools font-weight:bold @ http://localhost:3123/_next/static/chunks/node_modules_next_dist_115brz8._.js:2477
[   35170ms] [LOG] [HMR] connected @ http://localhost:3123/_next/static/chunks/node_modules_next_dist_115brz8._.js:2477
[   35197ms] [LOG] [Fast Refresh] rebuilding @ http://localhost:3123/_next/static/chunks/node_modules_next_dist_115brz8._.js:2477
[   35233ms] [WARNING] Image with src "/logotipos/BRS WORKSPACE FUNDO CLARO SEM FUNDO.png" has either width or height modified, but not the other. If you use CSS to change the size of your image, also include the styles 'width: "auto"' or 'height: "auto"' to maintain the aspect ratio. @ http://localhost:3123/_next/static/chunks/node_modules_next_dist_115brz8._.js:2477
[   35233ms] [ERROR] WebSocket is already in CLOSING or CLOSED state. @ http://localhost:3123/_next/static/chunks/node_modules_next_dist_115brz8._.js:2836
[   35358ms] [INFO] %cDownload the React DevTools for a better development experience: https://react.dev/link/react-devtools font-weight:bold @ http://localhost:3123/_next/static/chunks/node_modules_next_dist_115brz8._.js:2477
[   35382ms] [LOG] [HMR] connected @ http://localhost:3123/_next/static/chunks/node_modules_next_dist_115brz8._.js:2477
[   35408ms] [LOG] [Fast Refresh] rebuilding @ http://localhost:3123/_next/static/chunks/node_modules_next_dist_115brz8._.js:2477
[   35438ms] [WARNING] Image with src "/logotipos/BRS WORKSPACE FUNDO CLARO SEM FUNDO.png" has either width or height modified, but not the other. If you use CSS to change the size of your image, also include the styles 'width: "auto"' or 'height: "auto"' to maintain the aspect ratio. @ http://localhost:3123/_next/static/chunks/node_modules_next_dist_115brz8._.js:2477
[   35461ms] [ERROR] WebSocket is already in CLOSING or CLOSED state. @ http://localhost:3123/_next/static/chunks/node_modules_next_dist_115brz8._.js:2836
[   35559ms] [INFO] %cDownload the React DevTools for a better development experience: https://react.dev/link/react-devtools font-weight:bold @ http://localhost:3123/_next/static/chunks/node_modules_next_dist_115brz8._.js:2477
[   35591ms] [LOG] [HMR] connected @ http://localhost:3123/_next/static/chunks/node_modules_next_dist_115brz8._.js:2477
[   35615ms] [LOG] [Fast Refresh] rebuilding @ http://localhost:3123/_next/static/chunks/node_modules_next_dist_115brz8._.js:2477
[   35642ms] [WARNING] Image with src "/logotipos/BRS WORKSPACE FUNDO CLARO SEM FUNDO.png" has either width or height modified, but not the other. If you use CSS to change the size of your image, also include the styles 'width: "auto"' or 'height: "auto"' to maintain the aspect ratio. @ http://localhost:3123/_next/static/chunks/node_modules_next_dist_115brz8._.js:2477
[   35650ms] [ERROR] WebSocket is already in CLOSING or CLOSED state. @ http://localhost:3123/_next/static/chunks/node_modules_next_dist_115brz8._.js:2836
[   35778ms] [INFO] %cDownload the React DevTools for a better development experience: https://react.dev/link/react-devtools font-weight:bold @ http://localhost:3123/_next/static/chunks/node_modules_next_dist_115brz8._.js:2477
[   35802ms] [LOG] [HMR] connected @ http://localhost:3123/_next/static/chunks/node_modules_next_dist_115brz8._.js:2477
[   35833ms] [LOG] [Fast Refresh] rebuilding @ http://localhost:3123/_next/static/chunks/node_modules_next_dist_115brz8._.js:2477
[   35853ms] [WARNING] Image with src "/logotipos/BRS WORKSPACE FUNDO CLARO SEM FUNDO.png" has either width or height modified, but not the other. If you use CSS to change the size of your image, also include the styles 'width: "auto"' or 'height: "auto"' to maintain the aspect ratio. @ http://localhost:3123/_next/static/chunks/node_modules_next_dist_115brz8._.js:2477
[   35868ms] [ERROR] WebSocket is already in CLOSING or CLOSED state. @ http://localhost:3123/_next/static/chunks/node_modules_next_dist_115brz8._.js:2836
[   35976ms] [INFO] %cDownload the React DevTools for a better development experience: https://react.dev/link/react-devtools font-weight:bold @ http://localhost:3123/_next/static/chunks/node_modules_next_dist_115brz8._.js:2477
[   36004ms] [LOG] [HMR] connected @ http://localhost:3123/_next/static/chunks/node_modules_next_dist_115brz8._.js:2477
[   36028ms] [LOG] [Fast Refresh] rebuilding @ http://localhost:3123/_next/static/chunks/node_modules_next_dist_115brz8._.js:2477
[   36066ms] [WARNING] Image with src "/logotipos/BRS WORKSPACE FUNDO CLARO SEM FUNDO.png" has either width or height modified, but not the other. If you use CSS to change the size of your image, also include the styles 'width: "auto"' or 'height: "auto"' to maintain the aspect ratio. @ http://localhost:3123/_next/static/chunks/node_modules_next_dist_115brz8._.js:2477
[   36068ms] [ERROR] WebSocket is already in CLOSING or CLOSED state. @ http://localhost:3123/_next/static/chunks/node_modules_next_dist_115brz8._.js:2836
[   36182ms] [INFO] %cDownload the React DevTools for a better development experience: https://react.dev/link/react-devtools font-weight:bold @ http://localhost:3123/_next/static/chunks/node_modules_next_dist_115brz8._.js:2477
[   36217ms] [LOG] [HMR] connected @ http://localhost:3123/_next/static/chunks/node_modules_next_dist_115brz8._.js:2477
[   36248ms] [LOG] [Fast Refresh] rebuilding @ http://localhost:3123/_next/static/chunks/node_modules_next_dist_115brz8._.js:2477
[   36275ms] [WARNING] Image with src "/logotipos/BRS WORKSPACE FUNDO CLARO SEM FUNDO.png" has either width or height modified, but not the other. If you use CSS to change the size of your image, also include the styles 'width: "auto"' or 'height: "auto"' to maintain the aspect ratio. @ http://localhost:3123/_next/static/chunks/node_modules_next_dist_115brz8._.js:2477
[   36285ms] [ERROR] WebSocket is already in CLOSING or CLOSED state. @ http://localhost:3123/_next/static/chunks/node_modules_next_dist_115brz8._.js:2836
[   36397ms] [INFO] %cDownload the React DevTools for a better development experience: https://react.dev/link/react-devtools font-weight:bold @ http://localhost:3123/_next/static/chunks/node_modules_next_dist_115brz8._.js:2477
[   36427ms] [LOG] [HMR] connected @ http://localhost:3123/_next/static/chunks/node_modules_next_dist_115brz8._.js:2477
[   36449ms] [LOG] [Fast Refresh] rebuilding @ http://localhost:3123/_next/static/chunks/node_modules_next_dist_115brz8._.js:2477
[   36522ms] [WARNING] Image with src "/logotipos/BRS WORKSPACE FUNDO CLARO SEM FUNDO.png" has either width or height modified, but not the other. If you use CSS to change the size of your image, also include the styles 'width: "auto"' or 'height: "auto"' to maintain the aspect ratio. @ http://localhost:3123/_next/static/chunks/node_modules_next_dist_115brz8._.js:2477
[   36711ms] [INFO] %cDownload the React DevTools for a better development experience: https://react.dev/link/react-devtools font-weight:bold @ http://localhost:3123/_next/static/chunks/node_modules_next_dist_115brz8._.js:2477
[   36763ms] [LOG] [HMR] connected @ http://localhost:3123/_next/static/chunks/node_modules_next_dist_115brz8._.js:2477
[   36790ms] [LOG] [Fast Refresh] rebuilding @ http://localhost:3123/_next/static/chunks/node_modules_next_dist_115brz8._.js:2477
[   36828ms] [WARNING] Image with src "/logotipos/BRS WORKSPACE FUNDO CLARO SEM FUNDO.png" has either width or height modified, but not the other. If you use CSS to change the size of your image, also include the styles 'width: "auto"' or 'height: "auto"' to maintain the aspect ratio. @ http://localhost:3123/_next/static/chunks/node_modules_next_dist_115brz8._.js:2477
[   36837ms] [ERROR] WebSocket is already in CLOSING or CLOSED state. @ http://localhost:3123/_next/static/chunks/node_modules_next_dist_115brz8._.js:2836
[   36958ms] [INFO] %cDownload the React DevTools for a better development experience: https://react.dev/link/react-devtools font-weight:bold @ http://localhost:3123/_next/static/chunks/node_modules_next_dist_115brz8._.js:2477
[   36983ms] [LOG] [HMR] connected @ http://localhost:3123/_next/static/chunks/node_modules_next_dist_115brz8._.js:2477
[   37047ms] [WARNING] Image with src "/logotipos/BRS WORKSPACE FUNDO CLARO SEM FUNDO.png" has either width or height modified, but not the other. If you use CSS to change the size of your image, also include the styles 'width: "auto"' or 'height: "auto"' to maintain the aspect ratio. @ http://localhost:3123/_next/static/chunks/node_modules_next_dist_115brz8._.js:2477
[   37055ms] [ERROR] WebSocket is already in CLOSING or CLOSED state. @ http://localhost:3123/_next/static/chunks/node_modules_next_dist_115brz8._.js:2836
[   37159ms] [INFO] %cDownload the React DevTools for a better development experience: https://react.dev/link/react-devtools font-weight:bold @ http://localhost:3123/_next/static/chunks/node_modules_next_dist_115brz8._.js:2477
[   37214ms] [LOG] [HMR] connected @ http://localhost:3123/_next/static/chunks/node_modules_next_dist_115brz8._.js:2477
[   37313ms] [LOG] [Fast Refresh] rebuilding @ http://localhost:3123/_next/static/chunks/node_modules_next_dist_115brz8._.js:2477
[   37316ms] [WARNING] Image with src "/logotipos/BRS WORKSPACE FUNDO CLARO SEM FUNDO.png" has either width or height modified, but not the other. If you use CSS to change the size of your image, also include the styles 'width: "auto"' or 'height: "auto"' to maintain the aspect ratio. @ http://localhost:3123/_next/static/chunks/node_modules_next_dist_115brz8._.js:2477
[   37323ms] [ERROR] WebSocket is already in CLOSING or CLOSED state. @ http://localhost:3123/_next/static/chunks/node_modules_next_dist_115brz8._.js:2836
[   37466ms] [INFO] %cDownload the React DevTools for a better development experience: https://react.dev/link/react-devtools font-weight:bold @ http://localhost:3123/_next/static/chunks/node_modules_next_dist_115brz8._.js:2477
[   37493ms] [LOG] [HMR] connected @ http://localhost:3123/_next/static/chunks/node_modules_next_dist_115brz8._.js:2477
[   37531ms] [LOG] [Fast Refresh] rebuilding @ http://localhost:3123/_next/static/chunks/node_modules_next_dist_115brz8._.js:2477
[   37556ms] [WARNING] Image with src "/logotipos/BRS WORKSPACE FUNDO CLARO SEM FUNDO.png" has either width or height modified, but not the other. If you use CSS to change the size of your image, also include the styles 'width: "auto"' or 'height: "auto"' to maintain the aspect ratio. @ http://localhost:3123/_next/static/chunks/node_modules_next_dist_115brz8._.js:2477
[   37561ms] [ERROR] WebSocket is already in CLOSING or CLOSED state. @ http://localhost:3123/_next/static/chunks/node_modules_next_dist_115brz8._.js:2836
[   37731ms] [INFO] %cDownload the React DevTools for a better development experience: https://react.dev/link/react-devtools font-weight:bold @ http://localhost:3123/_next/static/chunks/node_modules_next_dist_115brz8._.js:2477
[   37792ms] [LOG] [HMR] connected @ http://localhost:3123/_next/static/chunks/node_modules_next_dist_115brz8._.js:2477
[   37845ms] [LOG] [Fast Refresh] rebuilding @ http://localhost:3123/_next/static/chunks/node_modules_next_dist_115brz8._.js:2477
[   37888ms] [WARNING] Image with src "/logotipos/BRS WORKSPACE FUNDO CLARO SEM FUNDO.png" has either width or height modified, but not the other. If you use CSS to change the size of your image, also include the styles 'width: "auto"' or 'height: "auto"' to maintain the aspect ratio. @ http://localhost:3123/_next/static/chunks/node_modules_next_dist_115brz8._.js:2477
[   37891ms] [ERROR] WebSocket is already in CLOSING or CLOSED state. @ http://localhost:3123/_next/static/chunks/node_modules_next_dist_115brz8._.js:2836
[   38039ms] [INFO] %cDownload the React DevTools for a better development experience: https://react.dev/link/react-devtools font-weight:bold @ http://localhost:3123/_next/static/chunks/node_modules_next_dist_115brz8._.js:2477
[   38062ms] [LOG] [HMR] connected @ http://localhost:3123/_next/static/chunks/node_modules_next_dist_115brz8._.js:2477
[   38113ms] [WARNING] Image with src "/logotipos/BRS WORKSPACE FUNDO CLARO SEM FUNDO.png" has either width or height modified, but not the other. If you use CSS to change the size of your image, also include the styles 'width: "auto"' or 'height: "auto"' to maintain the aspect ratio. @ http://localhost:3123/_next/static/chunks/node_modules_next_dist_115brz8._.js:2477
[   38126ms] [ERROR] WebSocket is already in CLOSING or CLOSED state. @ http://localhost:3123/_next/static/chunks/node_modules_next_dist_115brz8._.js:2836
[   38228ms] [INFO] %cDownload the React DevTools for a better development experience: https://react.dev/link/react-devtools font-weight:bold @ http://localhost:3123/_next/static/chunks/node_modules_next_dist_115brz8._.js:2477
[   38261ms] [LOG] [HMR] connected @ http://localhost:3123/_next/static/chunks/node_modules_next_dist_115brz8._.js:2477
[   38289ms] [LOG] [Fast Refresh] rebuilding @ http://localhost:3123/_next/static/chunks/node_modules_next_dist_115brz8._.js:2477
[   38312ms] [WARNING] Image with src "/logotipos/BRS WORKSPACE FUNDO CLARO SEM FUNDO.png" has either width or height modified, but not the other. If you use CSS to change the size of your image, also include the styles 'width: "auto"' or 'height: "auto"' to maintain the aspect ratio. @ http://localhost:3123/_next/static/chunks/node_modules_next_dist_115brz8._.js:2477
[   38327ms] [ERROR] WebSocket is already in CLOSING or CLOSED state. @ http://localhost:3123/_next/static/chunks/node_modules_next_dist_115brz8._.js:2836
[   38518ms] [INFO] %cDownload the React DevTools for a better development experience: https://react.dev/link/react-devtools font-weight:bold @ http://localhost:3123/_next/static/chunks/node_modules_next_dist_115brz8._.js:2477
[   38552ms] [LOG] [HMR] connected @ http://localhost:3123/_next/static/chunks/node_modules_next_dist_115brz8._.js:2477
[   38581ms] [LOG] [Fast Refresh] rebuilding @ http://localhost:3123/_next/static/chunks/node_modules_next_dist_115brz8._.js:2477
[   38616ms] [WARNING] Image with src "/logotipos/BRS WORKSPACE FUNDO CLARO SEM FUNDO.png" has either width or height modified, but not the other. If you use CSS to change the size of your image, also include the styles 'width: "auto"' or 'height: "auto"' to maintain the aspect ratio. @ http://localhost:3123/_next/static/chunks/node_modules_next_dist_115brz8._.js:2477
[   38634ms] [ERROR] WebSocket is already in CLOSING or CLOSED state. @ http://localhost:3123/_next/static/chunks/node_modules_next_dist_115brz8._.js:2836
[   38722ms] [INFO] %cDownload the React DevTools for a better development experience: https://react.dev/link/react-devtools font-weight:bold @ http://localhost:3123/_next/static/chunks/node_modules_next_dist_115brz8._.js:2477
[   38747ms] [LOG] [HMR] connected @ http://localhost:3123/_next/static/chunks/node_modules_next_dist_115brz8._.js:2477
[   38777ms] [LOG] [Fast Refresh] rebuilding @ http://localhost:3123/_next/static/chunks/node_modules_next_dist_115brz8._.js:2477
[   38805ms] [WARNING] Image with src "/logotipos/BRS WORKSPACE FUNDO CLARO SEM FUNDO.png" has either width or height modified, but not the other. If you use CSS to change the size of your image, also include the styles 'width: "auto"' or 'height: "auto"' to maintain the aspect ratio. @ http://localhost:3123/_next/static/chunks/node_modules_next_dist_115brz8._.js:2477
[   38811ms] [ERROR] WebSocket is already in CLOSING or CLOSED state. @ http://localhost:3123/_next/static/chunks/node_modules_next_dist_115brz8._.js:2836
[   38968ms] [INFO] %cDownload the React DevTools for a better development experience: https://react.dev/link/react-devtools font-weight:bold @ http://localhost:3123/_next/static/chunks/node_modules_next_dist_115brz8._.js:2477
[   39017ms] [LOG] [HMR] connected @ http://localhost:3123/_next/static/chunks/node_modules_next_dist_115brz8._.js:2477
[   39087ms] [LOG] [Fast Refresh] rebuilding @ http://localhost:3123/_next/static/chunks/node_modules_next_dist_115brz8._.js:2477
[   39113ms] [WARNING] Image with src "/logotipos/BRS WORKSPACE FUNDO CLARO SEM FUNDO.png" has either width or height modified, but not the other. If you use CSS to change the size of your image, also include the styles 'width: "auto"' or 'height: "auto"' to maintain the aspect ratio. @ http://localhost:3123/_next/static/chunks/node_modules_next_dist_115brz8._.js:2477
[   39130ms] [ERROR] WebSocket is already in CLOSING or CLOSED state. @ http://localhost:3123/_next/static/chunks/node_modules_next_dist_115brz8._.js:2836
[   39306ms] [INFO] %cDownload the React DevTools for a better development experience: https://react.dev/link/react-devtools font-weight:bold @ http://localhost:3123/_next/static/chunks/node_modules_next_dist_115brz8._.js:2477
[   39349ms] [LOG] [HMR] connected @ http://localhost:3123/_next/static/chunks/node_modules_next_dist_115brz8._.js:2477
[   39376ms] [LOG] [Fast Refresh] rebuilding @ http://localhost:3123/_next/static/chunks/node_modules_next_dist_115brz8._.js:2477
[   39401ms] [WARNING] Image with src "/logotipos/BRS WORKSPACE FUNDO CLARO SEM FUNDO.png" has either width or height modified, but not the other. If you use CSS to change the size of your image, also include the styles 'width: "auto"' or 'height: "auto"' to maintain the aspect ratio. @ http://localhost:3123/_next/static/chunks/node_modules_next_dist_115brz8._.js:2477
[   39413ms] [ERROR] WebSocket is already in CLOSING or CLOSED state. @ http://localhost:3123/_next/static/chunks/node_modules_next_dist_115brz8._.js:2836
[   39529ms] [INFO] %cDownload the React DevTools for a better development experience: https://react.dev/link/react-devtools font-weight:bold @ http://localhost:3123/_next/static/chunks/node_modules_next_dist_115brz8._.js:2477
[   39584ms] [LOG] [HMR] connected @ http://localhost:3123/_next/static/chunks/node_modules_next_dist_115brz8._.js:2477
[   39644ms] [LOG] [Fast Refresh] rebuilding @ http://localhost:3123/_next/static/chunks/node_modules_next_dist_115brz8._.js:2477
[   39701ms] [WARNING] Image with src "/logotipos/BRS WORKSPACE FUNDO CLARO SEM FUNDO.png" has either width or height modified, but not the other. If you use CSS to change the size of your image, also include the styles 'width: "auto"' or 'height: "auto"' to maintain the aspect ratio. @ http://localhost:3123/_next/static/chunks/node_modules_next_dist_115brz8._.js:2477
[   39714ms] [ERROR] WebSocket is already in CLOSING or CLOSED state. @ http://localhost:3123/_next/static/chunks/node_modules_next_dist_115brz8._.js:2836
[   39820ms] [INFO] %cDownload the React DevTools for a better development experience: https://react.dev/link/react-devtools font-weight:bold @ http://localhost:3123/_next/static/chunks/node_modules_next_dist_115brz8._.js:2477
[   39842ms] [LOG] [HMR] connected @ http://localhost:3123/_next/static/chunks/node_modules_next_dist_115brz8._.js:2477
[   39915ms] [LOG] [Fast Refresh] rebuilding @ http://localhost:3123/_next/static/chunks/node_modules_next_dist_115brz8._.js:2477
[   39940ms] [WARNING] Image with src "/logotipos/BRS WORKSPACE FUNDO CLARO SEM FUNDO.png" has either width or height modified, but not the other. If you use CSS to change the size of your image, also include the styles 'width: "auto"' or 'height: "auto"' to maintain the aspect ratio. @ http://localhost:3123/_next/static/chunks/node_modules_next_dist_115brz8._.js:2477
[   39948ms] [ERROR] WebSocket is already in CLOSING or CLOSED state. @ http://localhost:3123/_next/static/chunks/node_modules_next_dist_115brz8._.js:2836
[   40057ms] [INFO] %cDownload the React DevTools for a better development experience: https://react.dev/link/react-devtools font-weight:bold @ http://localhost:3123/_next/static/chunks/node_modules_next_dist_115brz8._.js:2477
[   40082ms] [LOG] [HMR] connected @ http://localhost:3123/_next/static/chunks/node_modules_next_dist_115brz8._.js:2477
[   40131ms] [WARNING] Image with src "/logotipos/BRS WORKSPACE FUNDO CLARO SEM FUNDO.png" has either width or height modified, but not the other. If you use CSS to change the size of your image, also include the styles 'width: "auto"' or 'height: "auto"' to maintain the aspect ratio. @ http://localhost:3123/_next/static/chunks/node_modules_next_dist_115brz8._.js:2477
[   40132ms] [ERROR] WebSocket is already in CLOSING or CLOSED state. @ http://localhost:3123/_next/static/chunks/node_modules_next_dist_115brz8._.js:2836
[   40264ms] [INFO] %cDownload the React DevTools for a better development experience: https://react.dev/link/react-devtools font-weight:bold @ http://localhost:3123/_next/static/chunks/node_modules_next_dist_115brz8._.js:2477
[   40297ms] [LOG] [HMR] connected @ http://localhost:3123/_next/static/chunks/node_modules_next_dist_115brz8._.js:2477
[   40318ms] [LOG] [Fast Refresh] rebuilding @ http://localhost:3123/_next/static/chunks/node_modules_next_dist_115brz8._.js:2477
[   40350ms] [WARNING] Image with src "/logotipos/BRS WORKSPACE FUNDO CLARO SEM FUNDO.png" has either width or height modified, but not the other. If you use CSS to change the size of your image, also include the styles 'width: "auto"' or 'height: "auto"' to maintain the aspect ratio. @ http://localhost:3123/_next/static/chunks/node_modules_next_dist_115brz8._.js:2477
[   40366ms] [ERROR] WebSocket is already in CLOSING or CLOSED state. @ http://localhost:3123/_next/static/chunks/node_modules_next_dist_115brz8._.js:2836
[   40484ms] [INFO] %cDownload the React DevTools for a better development experience: https://react.dev/link/react-devtools font-weight:bold @ http://localhost:3123/_next/static/chunks/node_modules_next_dist_115brz8._.js:2477
[   40512ms] [LOG] [HMR] connected @ http://localhost:3123/_next/static/chunks/node_modules_next_dist_115brz8._.js:2477
[   40539ms] [LOG] [Fast Refresh] rebuilding @ http://localhost:3123/_next/static/chunks/node_modules_next_dist_115brz8._.js:2477
[   40572ms] [WARNING] Image with src "/logotipos/BRS WORKSPACE FUNDO CLARO SEM FUNDO.png" has either width or height modified, but not the other. If you use CSS to change the size of your image, also include the styles 'width: "auto"' or 'height: "auto"' to maintain the aspect ratio. @ http://localhost:3123/_next/static/chunks/node_modules_next_dist_115brz8._.js:2477
[   40584ms] [ERROR] WebSocket is already in CLOSING or CLOSED state. @ http://localhost:3123/_next/static/chunks/node_modules_next_dist_115brz8._.js:2836
[   40673ms] [INFO] %cDownload the React DevTools for a better development experience: https://react.dev/link/react-devtools font-weight:bold @ http://localhost:3123/_next/static/chunks/node_modules_next_dist_115brz8._.js:2477
[   40698ms] [LOG] [HMR] connected @ http://localhost:3123/_next/static/chunks/node_modules_next_dist_115brz8._.js:2477
[   40728ms] [LOG] [Fast Refresh] rebuilding @ http://localhost:3123/_next/static/chunks/node_modules_next_dist_115brz8._.js:2477
[   40744ms] [WARNING] Image with src "/logotipos/BRS WORKSPACE FUNDO CLARO SEM FUNDO.png" has either width or height modified, but not the other. If you use CSS to change the size of your image, also include the styles 'width: "auto"' or 'height: "auto"' to maintain the aspect ratio. @ http://localhost:3123/_next/static/chunks/node_modules_next_dist_115brz8._.js:2477
[   40751ms] [ERROR] WebSocket is already in CLOSING or CLOSED state. @ http://localhost:3123/_next/static/chunks/node_modules_next_dist_115brz8._.js:2836
[   40917ms] [INFO] %cDownload the React DevTools for a better development experience: https://react.dev/link/react-devtools font-weight:bold @ http://localhost:3123/_next/static/chunks/node_modules_next_dist_115brz8._.js:2477
[   40949ms] [LOG] [HMR] connected @ http://localhost:3123/_next/static/chunks/node_modules_next_dist_115brz8._.js:2477
[   40970ms] [LOG] [Fast Refresh] rebuilding @ http://localhost:3123/_next/static/chunks/node_modules_next_dist_115brz8._.js:2477
[   41015ms] [WARNING] Image with src "/logotipos/BRS WORKSPACE FUNDO CLARO SEM FUNDO.png" has either width or height modified, but not the other. If you use CSS to change the size of your image, also include the styles 'width: "auto"' or 'height: "auto"' to maintain the aspect ratio. @ http://localhost:3123/_next/static/chunks/node_modules_next_dist_115brz8._.js:2477
[   41033ms] [ERROR] WebSocket is already in CLOSING or CLOSED state. @ http://localhost:3123/_next/static/chunks/node_modules_next_dist_115brz8._.js:2836
[   41129ms] [INFO] %cDownload the React DevTools for a better development experience: https://react.dev/link/react-devtools font-weight:bold @ http://localhost:3123/_next/static/chunks/node_modules_next_dist_115brz8._.js:2477
[   41154ms] [LOG] [HMR] connected @ http://localhost:3123/_next/static/chunks/node_modules_next_dist_115brz8._.js:2477
[   41180ms] [LOG] [Fast Refresh] rebuilding @ http://localhost:3123/_next/static/chunks/node_modules_next_dist_115brz8._.js:2477
[   41223ms] [WARNING] Image with src "/logotipos/BRS WORKSPACE FUNDO CLARO SEM FUNDO.png" has either width or height modified, but not the other. If you use CSS to change the size of your image, also include the styles 'width: "auto"' or 'height: "auto"' to maintain the aspect ratio. @ http://localhost:3123/_next/static/chunks/node_modules_next_dist_115brz8._.js:2477
[   41225ms] [ERROR] WebSocket is already in CLOSING or CLOSED state. @ http://localhost:3123/_next/static/chunks/node_modules_next_dist_115brz8._.js:2836
[   41310ms] [INFO] %cDownload the React DevTools for a better development experience: https://react.dev/link/react-devtools font-weight:bold @ http://localhost:3123/_next/static/chunks/node_modules_next_dist_115brz8._.js:2477
[   41335ms] [LOG] [HMR] connected @ http://localhost:3123/_next/static/chunks/node_modules_next_dist_115brz8._.js:2477
[   41360ms] [LOG] [Fast Refresh] rebuilding @ http://localhost:3123/_next/static/chunks/node_modules_next_dist_115brz8._.js:2477
[   41400ms] [WARNING] Image with src "/logotipos/BRS WORKSPACE FUNDO CLARO SEM FUNDO.png" has either width or height modified, but not the other. If you use CSS to change the size of your image, also include the styles 'width: "auto"' or 'height: "auto"' to maintain the aspect ratio. @ http://localhost:3123/_next/static/chunks/node_modules_next_dist_115brz8._.js:2477
[   41403ms] [ERROR] WebSocket is already in CLOSING or CLOSED state. @ http://localhost:3123/_next/static/chunks/node_modules_next_dist_115brz8._.js:2836
[   41517ms] [INFO] %cDownload the React DevTools for a better development experience: https://react.dev/link/react-devtools font-weight:bold @ http://localhost:3123/_next/static/chunks/node_modules_next_dist_115brz8._.js:2477
[   41540ms] [LOG] [HMR] connected @ http://localhost:3123/_next/static/chunks/node_modules_next_dist_115brz8._.js:2477
[   41576ms] [LOG] [Fast Refresh] rebuilding @ http://localhost:3123/_next/static/chunks/node_modules_next_dist_115brz8._.js:2477
[   41593ms] [WARNING] Image with src "/logotipos/BRS WORKSPACE FUNDO CLARO SEM FUNDO.png" has either width or height modified, but not the other. If you use CSS to change the size of your image, also include the styles 'width: "auto"' or 'height: "auto"' to maintain the aspect ratio. @ http://localhost:3123/_next/static/chunks/node_modules_next_dist_115brz8._.js:2477
[   41604ms] [ERROR] WebSocket is already in CLOSING or CLOSED state. @ http://localhost:3123/_next/static/chunks/node_modules_next_dist_115brz8._.js:2836
[   41710ms] [INFO] %cDownload the React DevTools for a better development experience: https://react.dev/link/react-devtools font-weight:bold @ http://localhost:3123/_next/static/chunks/node_modules_next_dist_115brz8._.js:2477
[   41735ms] [LOG] [HMR] connected @ http://localhost:3123/_next/static/chunks/node_modules_next_dist_115brz8._.js:2477
[   41765ms] [LOG] [Fast Refresh] rebuilding @ http://localhost:3123/_next/static/chunks/node_modules_next_dist_115brz8._.js:2477
[   41789ms] [WARNING] Image with src "/logotipos/BRS WORKSPACE FUNDO CLARO SEM FUNDO.png" has either width or height modified, but not the other. If you use CSS to change the size of your image, also include the styles 'width: "auto"' or 'height: "auto"' to maintain the aspect ratio. @ http://localhost:3123/_next/static/chunks/node_modules_next_dist_115brz8._.js:2477
[   41792ms] [ERROR] WebSocket is already in CLOSING or CLOSED state. @ http://localhost:3123/_next/static/chunks/node_modules_next_dist_115brz8._.js:2836
[   41895ms] [INFO] %cDownload the React DevTools for a better development experience: https://react.dev/link/react-devtools font-weight:bold @ http://localhost:3123/_next/static/chunks/node_modules_next_dist_115brz8._.js:2477
[   41928ms] [LOG] [HMR] connected @ http://localhost:3123/_next/static/chunks/node_modules_next_dist_115brz8._.js:2477
[   41981ms] [WARNING] Image with src "/logotipos/BRS WORKSPACE FUNDO CLARO SEM FUNDO.png" has either width or height modified, but not the other. If you use CSS to change the size of your image, also include the styles 'width: "auto"' or 'height: "auto"' to maintain the aspect ratio. @ http://localhost:3123/_next/static/chunks/node_modules_next_dist_115brz8._.js:2477
[   41989ms] [ERROR] WebSocket is already in CLOSING or CLOSED state. @ http://localhost:3123/_next/static/chunks/node_modules_next_dist_115brz8._.js:2836
[   42090ms] [INFO] %cDownload the React DevTools for a better development experience: https://react.dev/link/react-devtools font-weight:bold @ http://localhost:3123/_next/static/chunks/node_modules_next_dist_115brz8._.js:2477
[   42111ms] [LOG] [HMR] connected @ http://localhost:3123/_next/static/chunks/node_modules_next_dist_115brz8._.js:2477
[   42137ms] [LOG] [Fast Refresh] rebuilding @ http://localhost:3123/_next/static/chunks/node_modules_next_dist_115brz8._.js:2477
[   42160ms] [WARNING] Image with src "/logotipos/BRS WORKSPACE FUNDO CLARO SEM FUNDO.png" has either width or height modified, but not the other. If you use CSS to change the size of your image, also include the styles 'width: "auto"' or 'height: "auto"' to maintain the aspect ratio. @ http://localhost:3123/_next/static/chunks/node_modules_next_dist_115brz8._.js:2477
[   42180ms] [ERROR] WebSocket is already in CLOSING or CLOSED state. @ http://localhost:3123/_next/static/chunks/node_modules_next_dist_115brz8._.js:2836
[   42303ms] [INFO] %cDownload the React DevTools for a better development experience: https://react.dev/link/react-devtools font-weight:bold @ http://localhost:3123/_next/static/chunks/node_modules_next_dist_115brz8._.js:2477
[   42338ms] [LOG] [HMR] connected @ http://localhost:3123/_next/static/chunks/node_modules_next_dist_115brz8._.js:2477
[   42411ms] [WARNING] Image with src "/logotipos/BRS WORKSPACE FUNDO CLARO SEM FUNDO.png" has either width or height modified, but not the other. If you use CSS to change the size of your image, also include the styles 'width: "auto"' or 'height: "auto"' to maintain the aspect ratio. @ http://localhost:3123/_next/static/chunks/node_modules_next_dist_115brz8._.js:2477
[   42426ms] [ERROR] WebSocket is already in CLOSING or CLOSED state. @ http://localhost:3123/_next/static/chunks/node_modules_next_dist_115brz8._.js:2836
[   42550ms] [INFO] %cDownload the React DevTools for a better development experience: https://react.dev/link/react-devtools font-weight:bold @ http://localhost:3123/_next/static/chunks/node_modules_next_dist_115brz8._.js:2477
[   42587ms] [LOG] [HMR] connected @ http://localhost:3123/_next/static/chunks/node_modules_next_dist_115brz8._.js:2477
[   42637ms] [WARNING] Image with src "/logotipos/BRS WORKSPACE FUNDO CLARO SEM FUNDO.png" has either width or height modified, but not the other. If you use CSS to change the size of your image, also include the styles 'width: "auto"' or 'height: "auto"' to maintain the aspect ratio. @ http://localhost:3123/_next/static/chunks/node_modules_next_dist_115brz8._.js:2477
[   42644ms] [ERROR] WebSocket is already in CLOSING or CLOSED state. @ http://localhost:3123/_next/static/chunks/node_modules_next_dist_115brz8._.js:2836
[   42769ms] [INFO] %cDownload the React DevTools for a better development experience: https://react.dev/link/react-devtools font-weight:bold @ http://localhost:3123/_next/static/chunks/node_modules_next_dist_115brz8._.js:2477
[   42799ms] [LOG] [HMR] connected @ http://localhost:3123/_next/static/chunks/node_modules_next_dist_115brz8._.js:2477
[   42837ms] [LOG] [Fast Refresh] rebuilding @ http://localhost:3123/_next/static/chunks/node_modules_next_dist_115brz8._.js:2477
[   42856ms] [WARNING] Image with src "/logotipos/BRS WORKSPACE FUNDO CLARO SEM FUNDO.png" has either width or height modified, but not the other. If you use CSS to change the size of your image, also include the styles 'width: "auto"' or 'height: "auto"' to maintain the aspect ratio. @ http://localhost:3123/_next/static/chunks/node_modules_next_dist_115brz8._.js:2477
[   42880ms] [ERROR] WebSocket is already in CLOSING or CLOSED state. @ http://localhost:3123/_next/static/chunks/node_modules_next_dist_115brz8._.js:2836
[   42992ms] [INFO] %cDownload the React DevTools for a better development experience: https://react.dev/link/react-devtools font-weight:bold @ http://localhost:3123/_next/static/chunks/node_modules_next_dist_115brz8._.js:2477
[   43026ms] [LOG] [HMR] connected @ http://localhost:3123/_next/static/chunks/node_modules_next_dist_115brz8._.js:2477
[   43070ms] [LOG] [Fast Refresh] rebuilding @ http://localhost:3123/_next/static/chunks/node_modules_next_dist_115brz8._.js:2477
[   43104ms] [WARNING] Image with src "/logotipos/BRS WORKSPACE FUNDO CLARO SEM FUNDO.png" has either width or height modified, but not the other. If you use CSS to change the size of your image, also include the styles 'width: "auto"' or 'height: "auto"' to maintain the aspect ratio. @ http://localhost:3123/_next/static/chunks/node_modules_next_dist_115brz8._.js:2477
[   43110ms] [ERROR] WebSocket is already in CLOSING or CLOSED state. @ http://localhost:3123/_next/static/chunks/node_modules_next_dist_115brz8._.js:2836
[   43224ms] [INFO] %cDownload the React DevTools for a better development experience: https://react.dev/link/react-devtools font-weight:bold @ http://localhost:3123/_next/static/chunks/node_modules_next_dist_115brz8._.js:2477
[   43264ms] [LOG] [HMR] connected @ http://localhost:3123/_next/static/chunks/node_modules_next_dist_115brz8._.js:2477
[   43285ms] [LOG] [Fast Refresh] rebuilding @ http://localhost:3123/_next/static/chunks/node_modules_next_dist_115brz8._.js:2477
[   43313ms] [WARNING] Image with src "/logotipos/BRS WORKSPACE FUNDO CLARO SEM FUNDO.png" has either width or height modified, but not the other. If you use CSS to change the size of your image, also include the styles 'width: "auto"' or 'height: "auto"' to maintain the aspect ratio. @ http://localhost:3123/_next/static/chunks/node_modules_next_dist_115brz8._.js:2477
[   43331ms] [ERROR] WebSocket is already in CLOSING or CLOSED state. @ http://localhost:3123/_next/static/chunks/node_modules_next_dist_115brz8._.js:2836
[   43475ms] [INFO] %cDownload the React DevTools for a better development experience: https://react.dev/link/react-devtools font-weight:bold @ http://localhost:3123/_next/static/chunks/node_modules_next_dist_115brz8._.js:2477
[   43513ms] [LOG] [HMR] connected @ http://localhost:3123/_next/static/chunks/node_modules_next_dist_115brz8._.js:2477
[   43541ms] [LOG] [Fast Refresh] rebuilding @ http://localhost:3123/_next/static/chunks/node_modules_next_dist_115brz8._.js:2477
[   43571ms] [WARNING] Image with src "/logotipos/BRS WORKSPACE FUNDO CLARO SEM FUNDO.png" has either width or height modified, but not the other. If you use CSS to change the size of your image, also include the styles 'width: "auto"' or 'height: "auto"' to maintain the aspect ratio. @ http://localhost:3123/_next/static/chunks/node_modules_next_dist_115brz8._.js:2477
[   43578ms] [ERROR] WebSocket is already in CLOSING or CLOSED state. @ http://localhost:3123/_next/static/chunks/node_modules_next_dist_115brz8._.js:2836
[   43679ms] [INFO] %cDownload the React DevTools for a better development experience: https://react.dev/link/react-devtools font-weight:bold @ http://localhost:3123/_next/static/chunks/node_modules_next_dist_115brz8._.js:2477
[   43700ms] [LOG] [HMR] connected @ http://localhost:3123/_next/static/chunks/node_modules_next_dist_115brz8._.js:2477
[   43732ms] [LOG] [Fast Refresh] rebuilding @ http://localhost:3123/_next/static/chunks/node_modules_next_dist_115brz8._.js:2477
[   43754ms] [WARNING] Image with src "/logotipos/BRS WORKSPACE FUNDO CLARO SEM FUNDO.png" has either width or height modified, but not the other. If you use CSS to change the size of your image, also include the styles 'width: "auto"' or 'height: "auto"' to maintain the aspect ratio. @ http://localhost:3123/_next/static/chunks/node_modules_next_dist_115brz8._.js:2477
[   43762ms] [ERROR] WebSocket is already in CLOSING or CLOSED state. @ http://localhost:3123/_next/static/chunks/node_modules_next_dist_115brz8._.js:2836
[   43896ms] [INFO] %cDownload the React DevTools for a better development experience: https://react.dev/link/react-devtools font-weight:bold @ http://localhost:3123/_next/static/chunks/node_modules_next_dist_115brz8._.js:2477
[   43941ms] [LOG] [HMR] connected @ http://localhost:3123/_next/static/chunks/node_modules_next_dist_115brz8._.js:2477
[   44029ms] [LOG] [Fast Refresh] rebuilding @ http://localhost:3123/_next/static/chunks/node_modules_next_dist_115brz8._.js:2477
[   44081ms] [WARNING] Image with src "/logotipos/BRS WORKSPACE FUNDO CLARO SEM FUNDO.png" has either width or height modified, but not the other. If you use CSS to change the size of your image, also include the styles 'width: "auto"' or 'height: "auto"' to maintain the aspect ratio. @ http://localhost:3123/_next/static/chunks/node_modules_next_dist_115brz8._.js:2477
[   44101ms] [ERROR] WebSocket is already in CLOSING or CLOSED state. @ http://localhost:3123/_next/static/chunks/node_modules_next_dist_115brz8._.js:2836
[   44220ms] [INFO] %cDownload the React DevTools for a better development experience: https://react.dev/link/react-devtools font-weight:bold @ http://localhost:3123/_next/static/chunks/node_modules_next_dist_115brz8._.js:2477
[   44262ms] [LOG] [HMR] connected @ http://localhost:3123/_next/static/chunks/node_modules_next_dist_115brz8._.js:2477
[   44290ms] [LOG] [Fast Refresh] rebuilding @ http://localhost:3123/_next/static/chunks/node_modules_next_dist_115brz8._.js:2477
[   44318ms] [WARNING] Image with src "/logotipos/BRS WORKSPACE FUNDO CLARO SEM FUNDO.png" has either width or height modified, but not the other. If you use CSS to change the size of your image, also include the styles 'width: "auto"' or 'height: "auto"' to maintain the aspect ratio. @ http://localhost:3123/_next/static/chunks/node_modules_next_dist_115brz8._.js:2477
[   44331ms] [ERROR] WebSocket is already in CLOSING or CLOSED state. @ http://localhost:3123/_next/static/chunks/node_modules_next_dist_115brz8._.js:2836
[   44434ms] [INFO] %cDownload the React DevTools for a better development experience: https://react.dev/link/react-devtools font-weight:bold @ http://localhost:3123/_next/static/chunks/node_modules_next_dist_115brz8._.js:2477
[   44465ms] [LOG] [HMR] connected @ http://localhost:3123/_next/static/chunks/node_modules_next_dist_115brz8._.js:2477
[   44492ms] [LOG] [Fast Refresh] rebuilding @ http://localhost:3123/_next/static/chunks/node_modules_next_dist_115brz8._.js:2477
[   44521ms] [WARNING] Image with src "/logotipos/BRS WORKSPACE FUNDO CLARO SEM FUNDO.png" has either width or height modified, but not the other. If you use CSS to change the size of your image, also include the styles 'width: "auto"' or 'height: "auto"' to maintain the aspect ratio. @ http://localhost:3123/_next/static/chunks/node_modules_next_dist_115brz8._.js:2477
[   44531ms] [ERROR] WebSocket is already in CLOSING or CLOSED state. @ http://localhost:3123/_next/static/chunks/node_modules_next_dist_115brz8._.js:2836
[   44640ms] [INFO] %cDownload the React DevTools for a better development experience: https://react.dev/link/react-devtools font-weight:bold @ http://localhost:3123/_next/static/chunks/node_modules_next_dist_115brz8._.js:2477
[   44665ms] [LOG] [HMR] connected @ http://localhost:3123/_next/static/chunks/node_modules_next_dist_115brz8._.js:2477
[   44703ms] [LOG] [Fast Refresh] rebuilding @ http://localhost:3123/_next/static/chunks/node_modules_next_dist_115brz8._.js:2477
[   44773ms] [WARNING] Image with src "/logotipos/BRS WORKSPACE FUNDO CLARO SEM FUNDO.png" has either width or height modified, but not the other. If you use CSS to change the size of your image, also include the styles 'width: "auto"' or 'height: "auto"' to maintain the aspect ratio. @ http://localhost:3123/_next/static/chunks/node_modules_next_dist_115brz8._.js:2477
[   44782ms] [ERROR] WebSocket is already in CLOSING or CLOSED state. @ http://localhost:3123/_next/static/chunks/node_modules_next_dist_115brz8._.js:2836
[   44889ms] [INFO] %cDownload the React DevTools for a better development experience: https://react.dev/link/react-devtools font-weight:bold @ http://localhost:3123/_next/static/chunks/node_modules_next_dist_115brz8._.js:2477
[   44917ms] [LOG] [HMR] connected @ http://localhost:3123/_next/static/chunks/node_modules_next_dist_115brz8._.js:2477
[   44944ms] [LOG] [Fast Refresh] rebuilding @ http://localhost:3123/_next/static/chunks/node_modules_next_dist_115brz8._.js:2477
[   44975ms] [WARNING] Image with src "/logotipos/BRS WORKSPACE FUNDO CLARO SEM FUNDO.png" has either width or height modified, but not the other. If you use CSS to change the size of your image, also include the styles 'width: "auto"' or 'height: "auto"' to maintain the aspect ratio. @ http://localhost:3123/_next/static/chunks/node_modules_next_dist_115brz8._.js:2477
[   44982ms] [ERROR] WebSocket is already in CLOSING or CLOSED state. @ http://localhost:3123/_next/static/chunks/node_modules_next_dist_115brz8._.js:2836
[   45082ms] [INFO] %cDownload the React DevTools for a better development experience: https://react.dev/link/react-devtools font-weight:bold @ http://localhost:3123/_next/static/chunks/node_modules_next_dist_115brz8._.js:2477
[   45113ms] [LOG] [HMR] connected @ http://localhost:3123/_next/static/chunks/node_modules_next_dist_115brz8._.js:2477
[   45140ms] [LOG] [Fast Refresh] rebuilding @ http://localhost:3123/_next/static/chunks/node_modules_next_dist_115brz8._.js:2477
[   45163ms] [WARNING] Image with src "/logotipos/BRS WORKSPACE FUNDO CLARO SEM FUNDO.png" has either width or height modified, but not the other. If you use CSS to change the size of your image, also include the styles 'width: "auto"' or 'height: "auto"' to maintain the aspect ratio. @ http://localhost:3123/_next/static/chunks/node_modules_next_dist_115brz8._.js:2477
[   45166ms] [ERROR] WebSocket is already in CLOSING or CLOSED state. @ http://localhost:3123/_next/static/chunks/node_modules_next_dist_115brz8._.js:2836
[   45290ms] [INFO] %cDownload the React DevTools for a better development experience: https://react.dev/link/react-devtools font-weight:bold @ http://localhost:3123/_next/static/chunks/node_modules_next_dist_115brz8._.js:2477
[   45330ms] [LOG] [HMR] connected @ http://localhost:3123/_next/static/chunks/node_modules_next_dist_115brz8._.js:2477
[   45363ms] [LOG] [Fast Refresh] rebuilding @ http://localhost:3123/_next/static/chunks/node_modules_next_dist_115brz8._.js:2477
[   45393ms] [WARNING] Image with src "/logotipos/BRS WORKSPACE FUNDO CLARO SEM FUNDO.png" has either width or height modified, but not the other. If you use CSS to change the size of your image, also include the styles 'width: "auto"' or 'height: "auto"' to maintain the aspect ratio. @ http://localhost:3123/_next/static/chunks/node_modules_next_dist_115brz8._.js:2477
[   45401ms] [ERROR] WebSocket is already in CLOSING or CLOSED state. @ http://localhost:3123/_next/static/chunks/node_modules_next_dist_115brz8._.js:2836
[   45500ms] [INFO] %cDownload the React DevTools for a better development experience: https://react.dev/link/react-devtools font-weight:bold @ http://localhost:3123/_next/static/chunks/node_modules_next_dist_115brz8._.js:2477
[   45536ms] [LOG] [HMR] connected @ http://localhost:3123/_next/static/chunks/node_modules_next_dist_115brz8._.js:2477
[   45567ms] [LOG] [Fast Refresh] rebuilding @ http://localhost:3123/_next/static/chunks/node_modules_next_dist_115brz8._.js:2477
[   45629ms] [WARNING] Image with src "/logotipos/BRS WORKSPACE FUNDO CLARO SEM FUNDO.png" has either width or height modified, but not the other. If you use CSS to change the size of your image, also include the styles 'width: "auto"' or 'height: "auto"' to maintain the aspect ratio. @ http://localhost:3123/_next/static/chunks/node_modules_next_dist_115brz8._.js:2477
[   45635ms] [ERROR] WebSocket is already in CLOSING or CLOSED state. @ http://localhost:3123/_next/static/chunks/node_modules_next_dist_115brz8._.js:2836
[   45747ms] [INFO] %cDownload the React DevTools for a better development experience: https://react.dev/link/react-devtools font-weight:bold @ http://localhost:3123/_next/static/chunks/node_modules_next_dist_115brz8._.js:2477
[   45776ms] [LOG] [HMR] connected @ http://localhost:3123/_next/static/chunks/node_modules_next_dist_115brz8._.js:2477
[   45817ms] [LOG] [Fast Refresh] rebuilding @ http://localhost:3123/_next/static/chunks/node_modules_next_dist_115brz8._.js:2477
[   45850ms] [WARNING] Image with src "/logotipos/BRS WORKSPACE FUNDO CLARO SEM FUNDO.png" has either width or height modified, but not the other. If you use CSS to change the size of your image, also include the styles 'width: "auto"' or 'height: "auto"' to maintain the aspect ratio. @ http://localhost:3123/_next/static/chunks/node_modules_next_dist_115brz8._.js:2477
[   45868ms] [ERROR] WebSocket is already in CLOSING or CLOSED state. @ http://localhost:3123/_next/static/chunks/node_modules_next_dist_115brz8._.js:2836
[   45949ms] [INFO] %cDownload the React DevTools for a better development experience: https://react.dev/link/react-devtools font-weight:bold @ http://localhost:3123/_next/static/chunks/node_modules_next_dist_115brz8._.js:2477
[   45979ms] [LOG] [HMR] connected @ http://localhost:3123/_next/static/chunks/node_modules_next_dist_115brz8._.js:2477
[   46004ms] [LOG] [Fast Refresh] rebuilding @ http://localhost:3123/_next/static/chunks/node_modules_next_dist_115brz8._.js:2477
[   46029ms] [WARNING] Image with src "/logotipos/BRS WORKSPACE FUNDO CLARO SEM FUNDO.png" has either width or height modified, but not the other. If you use CSS to change the size of your image, also include the styles 'width: "auto"' or 'height: "auto"' to maintain the aspect ratio. @ http://localhost:3123/_next/static/chunks/node_modules_next_dist_115brz8._.js:2477
[   46036ms] [ERROR] WebSocket is already in CLOSING or CLOSED state. @ http://localhost:3123/_next/static/chunks/node_modules_next_dist_115brz8._.js:2836
[   46147ms] [INFO] %cDownload the React DevTools for a better development experience: https://react.dev/link/react-devtools font-weight:bold @ http://localhost:3123/_next/static/chunks/node_modules_next_dist_115brz8._.js:2477
[   46187ms] [LOG] [HMR] connected @ http://localhost:3123/_next/static/chunks/node_modules_next_dist_115brz8._.js:2477
[   46207ms] [LOG] [Fast Refresh] rebuilding @ http://localhost:3123/_next/static/chunks/node_modules_next_dist_115brz8._.js:2477
[   46240ms] [WARNING] Image with src "/logotipos/BRS WORKSPACE FUNDO CLARO SEM FUNDO.png" has either width or height modified, but not the other. If you use CSS to change the size of your image, also include the styles 'width: "auto"' or 'height: "auto"' to maintain the aspect ratio. @ http://localhost:3123/_next/static/chunks/node_modules_next_dist_115brz8._.js:2477
[   46241ms] [ERROR] WebSocket is already in CLOSING or CLOSED state. @ http://localhost:3123/_next/static/chunks/node_modules_next_dist_115brz8._.js:2836
[   46345ms] [INFO] %cDownload the React DevTools for a better development experience: https://react.dev/link/react-devtools font-weight:bold @ http://localhost:3123/_next/static/chunks/node_modules_next_dist_115brz8._.js:2477
[   46365ms] [LOG] [HMR] connected @ http://localhost:3123/_next/static/chunks/node_modules_next_dist_115brz8._.js:2477
[   46422ms] [WARNING] Image with src "/logotipos/BRS WORKSPACE FUNDO CLARO SEM FUNDO.png" has either width or height modified, but not the other. If you use CSS to change the size of your image, also include the styles 'width: "auto"' or 'height: "auto"' to maintain the aspect ratio. @ http://localhost:3123/_next/static/chunks/node_modules_next_dist_115brz8._.js:2477
[   46425ms] [ERROR] WebSocket is already in CLOSING or CLOSED state. @ http://localhost:3123/_next/static/chunks/node_modules_next_dist_115brz8._.js:2836
[   46550ms] [INFO] %cDownload the React DevTools for a better development experience: https://react.dev/link/react-devtools font-weight:bold @ http://localhost:3123/_next/static/chunks/node_modules_next_dist_115brz8._.js:2477
[   46579ms] [LOG] [HMR] connected @ http://localhost:3123/_next/static/chunks/node_modules_next_dist_115brz8._.js:2477
[   46602ms] [LOG] [Fast Refresh] rebuilding @ http://localhost:3123/_next/static/chunks/node_modules_next_dist_115brz8._.js:2477
[   46625ms] [WARNING] Image with src "/logotipos/BRS WORKSPACE FUNDO CLARO SEM FUNDO.png" has either width or height modified, but not the other. If you use CSS to change the size of your image, also include the styles 'width: "auto"' or 'height: "auto"' to maintain the aspect ratio. @ http://localhost:3123/_next/static/chunks/node_modules_next_dist_115brz8._.js:2477
[   46639ms] [ERROR] WebSocket is already in CLOSING or CLOSED state. @ http://localhost:3123/_next/static/chunks/node_modules_next_dist_115brz8._.js:2836
[   46742ms] [INFO] %cDownload the React DevTools for a better development experience: https://react.dev/link/react-devtools font-weight:bold @ http://localhost:3123/_next/static/chunks/node_modules_next_dist_115brz8._.js:2477
[   46770ms] [LOG] [HMR] connected @ http://localhost:3123/_next/static/chunks/node_modules_next_dist_115brz8._.js:2477
[   46789ms] [LOG] [Fast Refresh] rebuilding @ http://localhost:3123/_next/static/chunks/node_modules_next_dist_115brz8._.js:2477
[   46829ms] [WARNING] Image with src "/logotipos/BRS WORKSPACE FUNDO CLARO SEM FUNDO.png" has either width or height modified, but not the other. If you use CSS to change the size of your image, also include the styles 'width: "auto"' or 'height: "auto"' to maintain the aspect ratio. @ http://localhost:3123/_next/static/chunks/node_modules_next_dist_115brz8._.js:2477
[   46855ms] [ERROR] WebSocket is already in CLOSING or CLOSED state. @ http://localhost:3123/_next/static/chunks/node_modules_next_dist_115brz8._.js:2836
[   46977ms] [INFO] %cDownload the React DevTools for a better development experience: https://react.dev/link/react-devtools font-weight:bold @ http://localhost:3123/_next/static/chunks/node_modules_next_dist_115brz8._.js:2477
[   47012ms] [LOG] [HMR] connected @ http://localhost:3123/_next/static/chunks/node_modules_next_dist_115brz8._.js:2477
[   47066ms] [WARNING] Image with src "/logotipos/BRS WORKSPACE FUNDO CLARO SEM FUNDO.png" has either width or height modified, but not the other. If you use CSS to change the size of your image, also include the styles 'width: "auto"' or 'height: "auto"' to maintain the aspect ratio. @ http://localhost:3123/_next/static/chunks/node_modules_next_dist_115brz8._.js:2477
[   47074ms] [ERROR] WebSocket is already in CLOSING or CLOSED state. @ http://localhost:3123/_next/static/chunks/node_modules_next_dist_115brz8._.js:2836
[   47212ms] [INFO] %cDownload the React DevTools for a better development experience: https://react.dev/link/react-devtools font-weight:bold @ http://localhost:3123/_next/static/chunks/node_modules_next_dist_115brz8._.js:2477
[   47247ms] [LOG] [HMR] connected @ http://localhost:3123/_next/static/chunks/node_modules_next_dist_115brz8._.js:2477
[   47277ms] [LOG] [Fast Refresh] rebuilding @ http://localhost:3123/_next/static/chunks/node_modules_next_dist_115brz8._.js:2477
[   47303ms] [WARNING] Image with src "/logotipos/BRS WORKSPACE FUNDO CLARO SEM FUNDO.png" has either width or height modified, but not the other. If you use CSS to change the size of your image, also include the styles 'width: "auto"' or 'height: "auto"' to maintain the aspect ratio. @ http://localhost:3123/_next/static/chunks/node_modules_next_dist_115brz8._.js:2477
[   47308ms] [ERROR] WebSocket is already in CLOSING or CLOSED state. @ http://localhost:3123/_next/static/chunks/node_modules_next_dist_115brz8._.js:2836
[   47410ms] [INFO] %cDownload the React DevTools for a better development experience: https://react.dev/link/react-devtools font-weight:bold @ http://localhost:3123/_next/static/chunks/node_modules_next_dist_115brz8._.js:2477
[   47438ms] [LOG] [HMR] connected @ http://localhost:3123/_next/static/chunks/node_modules_next_dist_115brz8._.js:2477
[   47494ms] [WARNING] Image with src "/logotipos/BRS WORKSPACE FUNDO CLARO SEM FUNDO.png" has either width or height modified, but not the other. If you use CSS to change the size of your image, also include the styles 'width: "auto"' or 'height: "auto"' to maintain the aspect ratio. @ http://localhost:3123/_next/static/chunks/node_modules_next_dist_115brz8._.js:2477
[   47509ms] [ERROR] WebSocket is already in CLOSING or CLOSED state. @ http://localhost:3123/_next/static/chunks/node_modules_next_dist_115brz8._.js:2836
[   47615ms] [INFO] %cDownload the React DevTools for a better development experience: https://react.dev/link/react-devtools font-weight:bold @ http://localhost:3123/_next/static/chunks/node_modules_next_dist_115brz8._.js:2477
[   47651ms] [LOG] [HMR] connected @ http://localhost:3123/_next/static/chunks/node_modules_next_dist_115brz8._.js:2477
[   47675ms] [LOG] [Fast Refresh] rebuilding @ http://localhost:3123/_next/static/chunks/node_modules_next_dist_115brz8._.js:2477
[   47725ms] [WARNING] Image with src "/logotipos/BRS WORKSPACE FUNDO CLARO SEM FUNDO.png" has either width or height modified, but not the other. If you use CSS to change the size of your image, also include the styles 'width: "auto"' or 'height: "auto"' to maintain the aspect ratio. @ http://localhost:3123/_next/static/chunks/node_modules_next_dist_115brz8._.js:2477
[   47726ms] [ERROR] WebSocket is already in CLOSING or CLOSED state. @ http://localhost:3123/_next/static/chunks/node_modules_next_dist_115brz8._.js:2836
[   47880ms] [INFO] %cDownload the React DevTools for a better development experience: https://react.dev/link/react-devtools font-weight:bold @ http://localhost:3123/_next/static/chunks/node_modules_next_dist_115brz8._.js:2477
[   47908ms] [LOG] [HMR] connected @ http://localhost:3123/_next/static/chunks/node_modules_next_dist_115brz8._.js:2477
[   47958ms] [LOG] [Fast Refresh] rebuilding @ http://localhost:3123/_next/static/chunks/node_modules_next_dist_115brz8._.js:2477
[   47977ms] [WARNING] Image with src "/logotipos/BRS WORKSPACE FUNDO CLARO SEM FUNDO.png" has either width or height modified, but not the other. If you use CSS to change the size of your image, also include the styles 'width: "auto"' or 'height: "auto"' to maintain the aspect ratio. @ http://localhost:3123/_next/static/chunks/node_modules_next_dist_115brz8._.js:2477
[   47993ms] [ERROR] WebSocket is already in CLOSING or CLOSED state. @ http://localhost:3123/_next/static/chunks/node_modules_next_dist_115brz8._.js:2836
[   48109ms] [INFO] %cDownload the React DevTools for a better development experience: https://react.dev/link/react-devtools font-weight:bold @ http://localhost:3123/_next/static/chunks/node_modules_next_dist_115brz8._.js:2477
[   48137ms] [LOG] [HMR] connected @ http://localhost:3123/_next/static/chunks/node_modules_next_dist_115brz8._.js:2477
[   48176ms] [LOG] [Fast Refresh] rebuilding @ http://localhost:3123/_next/static/chunks/node_modules_next_dist_115brz8._.js:2477
[   48201ms] [WARNING] Image with src "/logotipos/BRS WORKSPACE FUNDO CLARO SEM FUNDO.png" has either width or height modified, but not the other. If you use CSS to change the size of your image, also include the styles 'width: "auto"' or 'height: "auto"' to maintain the aspect ratio. @ http://localhost:3123/_next/static/chunks/node_modules_next_dist_115brz8._.js:2477
[   48224ms] [ERROR] WebSocket is already in CLOSING or CLOSED state. @ http://localhost:3123/_next/static/chunks/node_modules_next_dist_115brz8._.js:2836
[   48338ms] [INFO] %cDownload the React DevTools for a better development experience: https://react.dev/link/react-devtools font-weight:bold @ http://localhost:3123/_next/static/chunks/node_modules_next_dist_115brz8._.js:2477
[   48363ms] [LOG] [HMR] connected @ http://localhost:3123/_next/static/chunks/node_modules_next_dist_115brz8._.js:2477
[   48388ms] [LOG] [Fast Refresh] rebuilding @ http://localhost:3123/_next/static/chunks/node_modules_next_dist_115brz8._.js:2477
[   48410ms] [WARNING] Image with src "/logotipos/BRS WORKSPACE FUNDO CLARO SEM FUNDO.png" has either width or height modified, but not the other. If you use CSS to change the size of your image, also include the styles 'width: "auto"' or 'height: "auto"' to maintain the aspect ratio. @ http://localhost:3123/_next/static/chunks/node_modules_next_dist_115brz8._.js:2477
[   48411ms] [ERROR] WebSocket is already in CLOSING or CLOSED state. @ http://localhost:3123/_next/static/chunks/node_modules_next_dist_115brz8._.js:2836
[   48553ms] [INFO] %cDownload the React DevTools for a better development experience: https://react.dev/link/react-devtools font-weight:bold @ http://localhost:3123/_next/static/chunks/node_modules_next_dist_115brz8._.js:2477
[   48602ms] [LOG] [HMR] connected @ http://localhost:3123/_next/static/chunks/node_modules_next_dist_115brz8._.js:2477
[   48625ms] [LOG] [Fast Refresh] rebuilding @ http://localhost:3123/_next/static/chunks/node_modules_next_dist_115brz8._.js:2477
[   48655ms] [WARNING] Image with src "/logotipos/BRS WORKSPACE FUNDO CLARO SEM FUNDO.png" has either width or height modified, but not the other. If you use CSS to change the size of your image, also include the styles 'width: "auto"' or 'height: "auto"' to maintain the aspect ratio. @ http://localhost:3123/_next/static/chunks/node_modules_next_dist_115brz8._.js:2477
[   48662ms] [ERROR] WebSocket is already in CLOSING or CLOSED state. @ http://localhost:3123/_next/static/chunks/node_modules_next_dist_115brz8._.js:2836
[   48772ms] [INFO] %cDownload the React DevTools for a better development experience: https://react.dev/link/react-devtools font-weight:bold @ http://localhost:3123/_next/static/chunks/node_modules_next_dist_115brz8._.js:2477
[   48801ms] [LOG] [HMR] connected @ http://localhost:3123/_next/static/chunks/node_modules_next_dist_115brz8._.js:2477
[   48830ms] [LOG] [Fast Refresh] rebuilding @ http://localhost:3123/_next/static/chunks/node_modules_next_dist_115brz8._.js:2477
[   48850ms] [WARNING] Image with src "/logotipos/BRS WORKSPACE FUNDO CLARO SEM FUNDO.png" has either width or height modified, but not the other. If you use CSS to change the size of your image, also include the styles 'width: "auto"' or 'height: "auto"' to maintain the aspect ratio. @ http://localhost:3123/_next/static/chunks/node_modules_next_dist_115brz8._.js:2477
[   48863ms] [ERROR] WebSocket is already in CLOSING or CLOSED state. @ http://localhost:3123/_next/static/chunks/node_modules_next_dist_115brz8._.js:2836
[   49219ms] [INFO] %cDownload the React DevTools for a better development experience: https://react.dev/link/react-devtools font-weight:bold @ http://localhost:3123/_next/static/chunks/node_modules_next_dist_115brz8._.js:2477
[   49272ms] [LOG] [HMR] connected @ http://localhost:3123/_next/static/chunks/node_modules_next_dist_115brz8._.js:2477
[   49362ms] [WARNING] Image with src "/logotipos/BRS WORKSPACE FUNDO CLARO SEM FUNDO.png" has either width or height modified, but not the other. If you use CSS to change the size of your image, also include the styles 'width: "auto"' or 'height: "auto"' to maintain the aspect ratio. @ http://localhost:3123/_next/static/chunks/node_modules_next_dist_115brz8._.js:2477
[   49365ms] [ERROR] WebSocket is already in CLOSING or CLOSED state. @ http://localhost:3123/_next/static/chunks/node_modules_next_dist_115brz8._.js:2836
[   49837ms] [INFO] %cDownload the React DevTools for a better development experience: https://react.dev/link/react-devtools font-weight:bold @ http://localhost:3123/_next/static/chunks/node_modules_next_dist_115brz8._.js:2477
[   49874ms] [LOG] [HMR] connected @ http://localhost:3123/_next/static/chunks/node_modules_next_dist_115brz8._.js:2477
[   49908ms] [LOG] [Fast Refresh] rebuilding @ http://localhost:3123/_next/static/chunks/node_modules_next_dist_115brz8._.js:2477
[   49931ms] [WARNING] Image with src "/logotipos/BRS WORKSPACE FUNDO CLARO SEM FUNDO.png" has either width or height modified, but not the other. If you use CSS to change the size of your image, also include the styles 'width: "auto"' or 'height: "auto"' to maintain the aspect ratio. @ http://localhost:3123/_next/static/chunks/node_modules_next_dist_115brz8._.js:2477
[   49953ms] [ERROR] WebSocket is already in CLOSING or CLOSED state. @ http://localhost:3123/_next/static/chunks/node_modules_next_dist_115brz8._.js:2836
[   50071ms] [INFO] %cDownload the React DevTools for a better development experience: https://react.dev/link/react-devtools font-weight:bold @ http://localhost:3123/_next/static/chunks/node_modules_next_dist_115brz8._.js:2477
[   50098ms] [LOG] [HMR] connected @ http://localhost:3123/_next/static/chunks/node_modules_next_dist_115brz8._.js:2477
[   50123ms] [LOG] [Fast Refresh] rebuilding @ http://localhost:3123/_next/static/chunks/node_modules_next_dist_115brz8._.js:2477
[   50157ms] [WARNING] Image with src "/logotipos/BRS WORKSPACE FUNDO CLARO SEM FUNDO.png" has either width or height modified, but not the other. If you use CSS to change the size of your image, also include the styles 'width: "auto"' or 'height: "auto"' to maintain the aspect ratio. @ http://localhost:3123/_next/static/chunks/node_modules_next_dist_115brz8._.js:2477
[   50167ms] [ERROR] WebSocket is already in CLOSING or CLOSED state. @ http://localhost:3123/_next/static/chunks/node_modules_next_dist_115brz8._.js:2836
[   50261ms] [INFO] %cDownload the React DevTools for a better development experience: https://react.dev/link/react-devtools font-weight:bold @ http://localhost:3123/_next/static/chunks/node_modules_next_dist_115brz8._.js:2477
[   50289ms] [LOG] [HMR] connected @ http://localhost:3123/_next/static/chunks/node_modules_next_dist_115brz8._.js:2477
[   50345ms] [WARNING] Image with src "/logotipos/BRS WORKSPACE FUNDO CLARO SEM FUNDO.png" has either width or height modified, but not the other. If you use CSS to change the size of your image, also include the styles 'width: "auto"' or 'height: "auto"' to maintain the aspect ratio. @ http://localhost:3123/_next/static/chunks/node_modules_next_dist_115brz8._.js:2477
[   50351ms] [ERROR] WebSocket is already in CLOSING or CLOSED state. @ http://localhost:3123/_next/static/chunks/node_modules_next_dist_115brz8._.js:2836
[   50447ms] [INFO] %cDownload the React DevTools for a better development experience: https://react.dev/link/react-devtools font-weight:bold @ http://localhost:3123/_next/static/chunks/node_modules_next_dist_115brz8._.js:2477
[   50485ms] [LOG] [HMR] connected @ http://localhost:3123/_next/static/chunks/node_modules_next_dist_115brz8._.js:2477
[   50509ms] [LOG] [Fast Refresh] rebuilding @ http://localhost:3123/_next/static/chunks/node_modules_next_dist_115brz8._.js:2477
[   50534ms] [WARNING] Image with src "/logotipos/BRS WORKSPACE FUNDO CLARO SEM FUNDO.png" has either width or height modified, but not the other. If you use CSS to change the size of your image, also include the styles 'width: "auto"' or 'height: "auto"' to maintain the aspect ratio. @ http://localhost:3123/_next/static/chunks/node_modules_next_dist_115brz8._.js:2477
[   50536ms] [ERROR] WebSocket is already in CLOSING or CLOSED state. @ http://localhost:3123/_next/static/chunks/node_modules_next_dist_115brz8._.js:2836
[   50659ms] [INFO] %cDownload the React DevTools for a better development experience: https://react.dev/link/react-devtools font-weight:bold @ http://localhost:3123/_next/static/chunks/node_modules_next_dist_115brz8._.js:2477
[   50686ms] [LOG] [HMR] connected @ http://localhost:3123/_next/static/chunks/node_modules_next_dist_115brz8._.js:2477
[   50710ms] [LOG] [Fast Refresh] rebuilding @ http://localhost:3123/_next/static/chunks/node_modules_next_dist_115brz8._.js:2477
[   50756ms] [WARNING] Image with src "/logotipos/BRS WORKSPACE FUNDO CLARO SEM FUNDO.png" has either width or height modified, but not the other. If you use CSS to change the size of your image, also include the styles 'width: "auto"' or 'height: "auto"' to maintain the aspect ratio. @ http://localhost:3123/_next/static/chunks/node_modules_next_dist_115brz8._.js:2477
[   50758ms] [ERROR] WebSocket is already in CLOSING or CLOSED state. @ http://localhost:3123/_next/static/chunks/node_modules_next_dist_115brz8._.js:2836
[   50964ms] [INFO] %cDownload the React DevTools for a better development experience: https://react.dev/link/react-devtools font-weight:bold @ http://localhost:3123/_next/static/chunks/node_modules_next_dist_115brz8._.js:2477
[   50994ms] [LOG] [HMR] connected @ http://localhost:3123/_next/static/chunks/node_modules_next_dist_115brz8._.js:2477
[   51023ms] [LOG] [Fast Refresh] rebuilding @ http://localhost:3123/_next/static/chunks/node_modules_next_dist_115brz8._.js:2477
[   51046ms] [WARNING] Image with src "/logotipos/BRS WORKSPACE FUNDO CLARO SEM FUNDO.png" has either width or height modified, but not the other. If you use CSS to change the size of your image, also include the styles 'width: "auto"' or 'height: "auto"' to maintain the aspect ratio. @ http://localhost:3123/_next/static/chunks/node_modules_next_dist_115brz8._.js:2477
[   51055ms] [ERROR] WebSocket is already in CLOSING or CLOSED state. @ http://localhost:3123/_next/static/chunks/node_modules_next_dist_115brz8._.js:2836
[   51163ms] [INFO] %cDownload the React DevTools for a better development experience: https://react.dev/link/react-devtools font-weight:bold @ http://localhost:3123/_next/static/chunks/node_modules_next_dist_115brz8._.js:2477
[   51195ms] [LOG] [HMR] connected @ http://localhost:3123/_next/static/chunks/node_modules_next_dist_115brz8._.js:2477
[   51226ms] [LOG] [Fast Refresh] rebuilding @ http://localhost:3123/_next/static/chunks/node_modules_next_dist_115brz8._.js:2477
[   51249ms] [WARNING] Image with src "/logotipos/BRS WORKSPACE FUNDO CLARO SEM FUNDO.png" has either width or height modified, but not the other. If you use CSS to change the size of your image, also include the styles 'width: "auto"' or 'height: "auto"' to maintain the aspect ratio. @ http://localhost:3123/_next/static/chunks/node_modules_next_dist_115brz8._.js:2477
[   51270ms] [ERROR] WebSocket is already in CLOSING or CLOSED state. @ http://localhost:3123/_next/static/chunks/node_modules_next_dist_115brz8._.js:2836
[   51387ms] [INFO] %cDownload the React DevTools for a better development experience: https://react.dev/link/react-devtools font-weight:bold @ http://localhost:3123/_next/static/chunks/node_modules_next_dist_115brz8._.js:2477
[   51436ms] [LOG] [HMR] connected @ http://localhost:3123/_next/static/chunks/node_modules_next_dist_115brz8._.js:2477
[   51467ms] [LOG] [Fast Refresh] rebuilding @ http://localhost:3123/_next/static/chunks/node_modules_next_dist_115brz8._.js:2477
[   51532ms] [WARNING] Image with src "/logotipos/BRS WORKSPACE FUNDO CLARO SEM FUNDO.png" has either width or height modified, but not the other. If you use CSS to change the size of your image, also include the styles 'width: "auto"' or 'height: "auto"' to maintain the aspect ratio. @ http://localhost:3123/_next/static/chunks/node_modules_next_dist_115brz8._.js:2477
[   51541ms] [ERROR] WebSocket is already in CLOSING or CLOSED state. @ http://localhost:3123/_next/static/chunks/node_modules_next_dist_115brz8._.js:2836
[   51686ms] [INFO] %cDownload the React DevTools for a better development experience: https://react.dev/link/react-devtools font-weight:bold @ http://localhost:3123/_next/static/chunks/node_modules_next_dist_115brz8._.js:2477
[   51736ms] [LOG] [HMR] connected @ http://localhost:3123/_next/static/chunks/node_modules_next_dist_115brz8._.js:2477
[   51795ms] [WARNING] Image with src "/logotipos/BRS WORKSPACE FUNDO CLARO SEM FUNDO.png" has either width or height modified, but not the other. If you use CSS to change the size of your image, also include the styles 'width: "auto"' or 'height: "auto"' to maintain the aspect ratio. @ http://localhost:3123/_next/static/chunks/node_modules_next_dist_115brz8._.js:2477
[   51807ms] [ERROR] WebSocket is already in CLOSING or CLOSED state. @ http://localhost:3123/_next/static/chunks/node_modules_next_dist_115brz8._.js:2836
[   51948ms] [INFO] %cDownload the React DevTools for a better development experience: https://react.dev/link/react-devtools font-weight:bold @ http://localhost:3123/_next/static/chunks/node_modules_next_dist_115brz8._.js:2477
[   51981ms] [LOG] [HMR] connected @ http://localhost:3123/_next/static/chunks/node_modules_next_dist_115brz8._.js:2477
[   52004ms] [LOG] [Fast Refresh] rebuilding @ http://localhost:3123/_next/static/chunks/node_modules_next_dist_115brz8._.js:2477
[   52032ms] [WARNING] Image with src "/logotipos/BRS WORKSPACE FUNDO CLARO SEM FUNDO.png" has either width or height modified, but not the other. If you use CSS to change the size of your image, also include the styles 'width: "auto"' or 'height: "auto"' to maintain the aspect ratio. @ http://localhost:3123/_next/static/chunks/node_modules_next_dist_115brz8._.js:2477
[   52041ms] [ERROR] WebSocket is already in CLOSING or CLOSED state. @ http://localhost:3123/_next/static/chunks/node_modules_next_dist_115brz8._.js:2836
[   52159ms] [INFO] %cDownload the React DevTools for a better development experience: https://react.dev/link/react-devtools font-weight:bold @ http://localhost:3123/_next/static/chunks/node_modules_next_dist_115brz8._.js:2477
[   52210ms] [LOG] [HMR] connected @ http://localhost:3123/_next/static/chunks/node_modules_next_dist_115brz8._.js:2477
[   52263ms] [WARNING] Image with src "/logotipos/BRS WORKSPACE FUNDO CLARO SEM FUNDO.png" has either width or height modified, but not the other. If you use CSS to change the size of your image, also include the styles 'width: "auto"' or 'height: "auto"' to maintain the aspect ratio. @ http://localhost:3123/_next/static/chunks/node_modules_next_dist_115brz8._.js:2477
[   52275ms] [ERROR] WebSocket is already in CLOSING or CLOSED state. @ http://localhost:3123/_next/static/chunks/node_modules_next_dist_115brz8._.js:2836
[   52429ms] [INFO] %cDownload the React DevTools for a better development experience: https://react.dev/link/react-devtools font-weight:bold @ http://localhost:3123/_next/static/chunks/node_modules_next_dist_115brz8._.js:2477
[   52460ms] [LOG] [HMR] connected @ http://localhost:3123/_next/static/chunks/node_modules_next_dist_115brz8._.js:2477
[   52506ms] [LOG] [Fast Refresh] rebuilding @ http://localhost:3123/_next/static/chunks/node_modules_next_dist_115brz8._.js:2477
[   52516ms] [WARNING] Image with src "/logotipos/BRS WORKSPACE FUNDO CLARO SEM FUNDO.png" has either width or height modified, but not the other. If you use CSS to change the size of your image, also include the styles 'width: "auto"' or 'height: "auto"' to maintain the aspect ratio. @ http://localhost:3123/_next/static/chunks/node_modules_next_dist_115brz8._.js:2477
[   52553ms] [ERROR] WebSocket is already in CLOSING or CLOSED state. @ http://localhost:3123/_next/static/chunks/node_modules_next_dist_115brz8._.js:2836
[   52704ms] [INFO] %cDownload the React DevTools for a better development experience: https://react.dev/link/react-devtools font-weight:bold @ http://localhost:3123/_next/static/chunks/node_modules_next_dist_115brz8._.js:2477
[   52764ms] [LOG] [HMR] connected @ http://localhost:3123/_next/static/chunks/node_modules_next_dist_115brz8._.js:2477
[   52840ms] [LOG] [Fast Refresh] rebuilding @ http://localhost:3123/_next/static/chunks/node_modules_next_dist_115brz8._.js:2477
[   52842ms] [WARNING] Image with src "/logotipos/BRS WORKSPACE FUNDO CLARO SEM FUNDO.png" has either width or height modified, but not the other. If you use CSS to change the size of your image, also include the styles 'width: "auto"' or 'height: "auto"' to maintain the aspect ratio. @ http://localhost:3123/_next/static/chunks/node_modules_next_dist_115brz8._.js:2477
[   52844ms] [ERROR] WebSocket is already in CLOSING or CLOSED state. @ http://localhost:3123/_next/static/chunks/node_modules_next_dist_115brz8._.js:2836
[   52969ms] [INFO] %cDownload the React DevTools for a better development experience: https://react.dev/link/react-devtools font-weight:bold @ http://localhost:3123/_next/static/chunks/node_modules_next_dist_115brz8._.js:2477
[   53010ms] [LOG] [HMR] connected @ http://localhost:3123/_next/static/chunks/node_modules_next_dist_115brz8._.js:2477
[   53022ms] [LOG] [Fast Refresh] rebuilding @ http://localhost:3123/_next/static/chunks/node_modules_next_dist_115brz8._.js:2477
[   53066ms] [WARNING] Image with src "/logotipos/BRS WORKSPACE FUNDO CLARO SEM FUNDO.png" has either width or height modified, but not the other. If you use CSS to change the size of your image, also include the styles 'width: "auto"' or 'height: "auto"' to maintain the aspect ratio. @ http://localhost:3123/_next/static/chunks/node_modules_next_dist_115brz8._.js:2477
[   53078ms] [ERROR] WebSocket is already in CLOSING or CLOSED state. @ http://localhost:3123/_next/static/chunks/node_modules_next_dist_115brz8._.js:2836
[   53174ms] [INFO] %cDownload the React DevTools for a better development experience: https://react.dev/link/react-devtools font-weight:bold @ http://localhost:3123/_next/static/chunks/node_modules_next_dist_115brz8._.js:2477
[   53209ms] [LOG] [HMR] connected @ http://localhost:3123/_next/static/chunks/node_modules_next_dist_115brz8._.js:2477
[   53234ms] [LOG] [Fast Refresh] rebuilding @ http://localhost:3123/_next/static/chunks/node_modules_next_dist_115brz8._.js:2477
[   53262ms] [WARNING] Image with src "/logotipos/BRS WORKSPACE FUNDO CLARO SEM FUNDO.png" has either width or height modified, but not the other. If you use CSS to change the size of your image, also include the styles 'width: "auto"' or 'height: "auto"' to maintain the aspect ratio. @ http://localhost:3123/_next/static/chunks/node_modules_next_dist_115brz8._.js:2477
[   53263ms] [ERROR] WebSocket is already in CLOSING or CLOSED state. @ http://localhost:3123/_next/static/chunks/node_modules_next_dist_115brz8._.js:2836
[   53381ms] [INFO] %cDownload the React DevTools for a better development experience: https://react.dev/link/react-devtools font-weight:bold @ http://localhost:3123/_next/static/chunks/node_modules_next_dist_115brz8._.js:2477
[   53411ms] [LOG] [HMR] connected @ http://localhost:3123/_next/static/chunks/node_modules_next_dist_115brz8._.js:2477
[   53430ms] [LOG] [Fast Refresh] rebuilding @ http://localhost:3123/_next/static/chunks/node_modules_next_dist_115brz8._.js:2477
[   53479ms] [WARNING] Image with src "/logotipos/BRS WORKSPACE FUNDO CLARO SEM FUNDO.png" has either width or height modified, but not the other. If you use CSS to change the size of your image, also include the styles 'width: "auto"' or 'height: "auto"' to maintain the aspect ratio. @ http://localhost:3123/_next/static/chunks/node_modules_next_dist_115brz8._.js:2477
[   53480ms] [ERROR] WebSocket is already in CLOSING or CLOSED state. @ http://localhost:3123/_next/static/chunks/node_modules_next_dist_115brz8._.js:2836
[   53626ms] [INFO] %cDownload the React DevTools for a better development experience: https://react.dev/link/react-devtools font-weight:bold @ http://localhost:3123/_next/static/chunks/node_modules_next_dist_115brz8._.js:2477
[   53651ms] [LOG] [HMR] connected @ http://localhost:3123/_next/static/chunks/node_modules_next_dist_115brz8._.js:2477
[   53677ms] [LOG] [Fast Refresh] rebuilding @ http://localhost:3123/_next/static/chunks/node_modules_next_dist_115brz8._.js:2477
[   53700ms] [WARNING] Image with src "/logotipos/BRS WORKSPACE FUNDO CLARO SEM FUNDO.png" has either width or height modified, but not the other. If you use CSS to change the size of your image, also include the styles 'width: "auto"' or 'height: "auto"' to maintain the aspect ratio. @ http://localhost:3123/_next/static/chunks/node_modules_next_dist_115brz8._.js:2477
[   53714ms] [ERROR] WebSocket is already in CLOSING or CLOSED state. @ http://localhost:3123/_next/static/chunks/node_modules_next_dist_115brz8._.js:2836
[   53816ms] [INFO] %cDownload the React DevTools for a better development experience: https://react.dev/link/react-devtools font-weight:bold @ http://localhost:3123/_next/static/chunks/node_modules_next_dist_115brz8._.js:2477
[   53842ms] [LOG] [HMR] connected @ http://localhost:3123/_next/static/chunks/node_modules_next_dist_115brz8._.js:2477
[   53863ms] [LOG] [Fast Refresh] rebuilding @ http://localhost:3123/_next/static/chunks/node_modules_next_dist_115brz8._.js:2477
[   53886ms] [WARNING] Image with src "/logotipos/BRS WORKSPACE FUNDO CLARO SEM FUNDO.png" has either width or height modified, but not the other. If you use CSS to change the size of your image, also include the styles 'width: "auto"' or 'height: "auto"' to maintain the aspect ratio. @ http://localhost:3123/_next/static/chunks/node_modules_next_dist_115brz8._.js:2477
[   53906ms] [ERROR] WebSocket is already in CLOSING or CLOSED state. @ http://localhost:3123/_next/static/chunks/node_modules_next_dist_115brz8._.js:2836
[   54018ms] [INFO] %cDownload the React DevTools for a better development experience: https://react.dev/link/react-devtools font-weight:bold @ http://localhost:3123/_next/static/chunks/node_modules_next_dist_115brz8._.js:2477
[   54049ms] [LOG] [HMR] connected @ http://localhost:3123/_next/static/chunks/node_modules_next_dist_115brz8._.js:2477
[   54073ms] [LOG] [Fast Refresh] rebuilding @ http://localhost:3123/_next/static/chunks/node_modules_next_dist_115brz8._.js:2477
[   54094ms] [WARNING] Image with src "/logotipos/BRS WORKSPACE FUNDO CLARO SEM FUNDO.png" has either width or height modified, but not the other. If you use CSS to change the size of your image, also include the styles 'width: "auto"' or 'height: "auto"' to maintain the aspect ratio. @ http://localhost:3123/_next/static/chunks/node_modules_next_dist_115brz8._.js:2477
[   54098ms] [ERROR] WebSocket is already in CLOSING or CLOSED state. @ http://localhost:3123/_next/static/chunks/node_modules_next_dist_115brz8._.js:2836
[   54238ms] [INFO] %cDownload the React DevTools for a better development experience: https://react.dev/link/react-devtools font-weight:bold @ http://localhost:3123/_next/static/chunks/node_modules_next_dist_115brz8._.js:2477
[   54285ms] [LOG] [HMR] connected @ http://localhost:3123/_next/static/chunks/node_modules_next_dist_115brz8._.js:2477
[   54319ms] [LOG] [Fast Refresh] rebuilding @ http://localhost:3123/_next/static/chunks/node_modules_next_dist_115brz8._.js:2477
[   54374ms] [WARNING] Image with src "/logotipos/BRS WORKSPACE FUNDO CLARO SEM FUNDO.png" has either width or height modified, but not the other. If you use CSS to change the size of your image, also include the styles 'width: "auto"' or 'height: "auto"' to maintain the aspect ratio. @ http://localhost:3123/_next/static/chunks/node_modules_next_dist_115brz8._.js:2477
[   54385ms] [ERROR] WebSocket is already in CLOSING or CLOSED state. @ http://localhost:3123/_next/static/chunks/node_modules_next_dist_115brz8._.js:2836
[   54613ms] [INFO] %cDownload the React DevTools for a better development experience: https://react.dev/link/react-devtools font-weight:bold @ http://localhost:3123/_next/static/chunks/node_modules_next_dist_115brz8._.js:2477
[   54730ms] [LOG] [HMR] connected @ http://localhost:3123/_next/static/chunks/node_modules_next_dist_115brz8._.js:2477
[   54841ms] [WARNING] Image with src "/logotipos/BRS WORKSPACE FUNDO CLARO SEM FUNDO.png" has either width or height modified, but not the other. If you use CSS to change the size of your image, also include the styles 'width: "auto"' or 'height: "auto"' to maintain the aspect ratio. @ http://localhost:3123/_next/static/chunks/node_modules_next_dist_115brz8._.js:2477
[   54851ms] [ERROR] WebSocket is already in CLOSING or CLOSED state. @ http://localhost:3123/_next/static/chunks/node_modules_next_dist_115brz8._.js:2836
[   55018ms] [INFO] %cDownload the React DevTools for a better development experience: https://react.dev/link/react-devtools font-weight:bold @ http://localhost:3123/_next/static/chunks/node_modules_next_dist_115brz8._.js:2477
[   55043ms] [LOG] [HMR] connected @ http://localhost:3123/_next/static/chunks/node_modules_next_dist_115brz8._.js:2477
[   55091ms] [WARNING] Image with src "/logotipos/BRS WORKSPACE FUNDO CLARO SEM FUNDO.png" has either width or height modified, but not the other. If you use CSS to change the size of your image, also include the styles 'width: "auto"' or 'height: "auto"' to maintain the aspect ratio. @ http://localhost:3123/_next/static/chunks/node_modules_next_dist_115brz8._.js:2477
[   55096ms] [LOG] [Fast Refresh] rebuilding @ http://localhost:3123/_next/static/chunks/node_modules_next_dist_115brz8._.js:2477
[   55107ms] [ERROR] WebSocket is already in CLOSING or CLOSED state. @ http://localhost:3123/_next/static/chunks/node_modules_next_dist_115brz8._.js:2836
[   55229ms] [INFO] %cDownload the React DevTools for a better development experience: https://react.dev/link/react-devtools font-weight:bold @ http://localhost:3123/_next/static/chunks/node_modules_next_dist_115brz8._.js:2477
[   55252ms] [LOG] [HMR] connected @ http://localhost:3123/_next/static/chunks/node_modules_next_dist_115brz8._.js:2477
[   55275ms] [LOG] [Fast Refresh] rebuilding @ http://localhost:3123/_next/static/chunks/node_modules_next_dist_115brz8._.js:2477
[   55305ms] [WARNING] Image with src "/logotipos/BRS WORKSPACE FUNDO CLARO SEM FUNDO.png" has either width or height modified, but not the other. If you use CSS to change the size of your image, also include the styles 'width: "auto"' or 'height: "auto"' to maintain the aspect ratio. @ http://localhost:3123/_next/static/chunks/node_modules_next_dist_115brz8._.js:2477
[   55331ms] [ERROR] WebSocket is already in CLOSING or CLOSED state. @ http://localhost:3123/_next/static/chunks/node_modules_next_dist_115brz8._.js:2836
[   55427ms] [INFO] %cDownload the React DevTools for a better development experience: https://react.dev/link/react-devtools font-weight:bold @ http://localhost:3123/_next/static/chunks/node_modules_next_dist_115brz8._.js:2477
[   55461ms] [LOG] [HMR] connected @ http://localhost:3123/_next/static/chunks/node_modules_next_dist_115brz8._.js:2477
[   55487ms] [LOG] [Fast Refresh] rebuilding @ http://localhost:3123/_next/static/chunks/node_modules_next_dist_115brz8._.js:2477
[   55520ms] [WARNING] Image with src "/logotipos/BRS WORKSPACE FUNDO CLARO SEM FUNDO.png" has either width or height modified, but not the other. If you use CSS to change the size of your image, also include the styles 'width: "auto"' or 'height: "auto"' to maintain the aspect ratio. @ http://localhost:3123/_next/static/chunks/node_modules_next_dist_115brz8._.js:2477
[   55520ms] [ERROR] WebSocket is already in CLOSING or CLOSED state. @ http://localhost:3123/_next/static/chunks/node_modules_next_dist_115brz8._.js:2836
[   55649ms] [INFO] %cDownload the React DevTools for a better development experience: https://react.dev/link/react-devtools font-weight:bold @ http://localhost:3123/_next/static/chunks/node_modules_next_dist_115brz8._.js:2477
[   55684ms] [LOG] [HMR] connected @ http://localhost:3123/_next/static/chunks/node_modules_next_dist_115brz8._.js:2477
[   55709ms] [LOG] [Fast Refresh] rebuilding @ http://localhost:3123/_next/static/chunks/node_modules_next_dist_115brz8._.js:2477
[   55728ms] [WARNING] Image with src "/logotipos/BRS WORKSPACE FUNDO CLARO SEM FUNDO.png" has either width or height modified, but not the other. If you use CSS to change the size of your image, also include the styles 'width: "auto"' or 'height: "auto"' to maintain the aspect ratio. @ http://localhost:3123/_next/static/chunks/node_modules_next_dist_115brz8._.js:2477
[   55737ms] [ERROR] WebSocket is already in CLOSING or CLOSED state. @ http://localhost:3123/_next/static/chunks/node_modules_next_dist_115brz8._.js:2836
[   55846ms] [INFO] %cDownload the React DevTools for a better development experience: https://react.dev/link/react-devtools font-weight:bold @ http://localhost:3123/_next/static/chunks/node_modules_next_dist_115brz8._.js:2477
[   55869ms] [LOG] [HMR] connected @ http://localhost:3123/_next/static/chunks/node_modules_next_dist_115brz8._.js:2477
[   55892ms] [LOG] [Fast Refresh] rebuilding @ http://localhost:3123/_next/static/chunks/node_modules_next_dist_115brz8._.js:2477
[   55926ms] [WARNING] Image with src "/logotipos/BRS WORKSPACE FUNDO CLARO SEM FUNDO.png" has either width or height modified, but not the other. If you use CSS to change the size of your image, also include the styles 'width: "auto"' or 'height: "auto"' to maintain the aspect ratio. @ http://localhost:3123/_next/static/chunks/node_modules_next_dist_115brz8._.js:2477
[   55938ms] [ERROR] WebSocket is already in CLOSING or CLOSED state. @ http://localhost:3123/_next/static/chunks/node_modules_next_dist_115brz8._.js:2836
[   56031ms] [INFO] %cDownload the React DevTools for a better development experience: https://react.dev/link/react-devtools font-weight:bold @ http://localhost:3123/_next/static/chunks/node_modules_next_dist_115brz8._.js:2477
[   56058ms] [LOG] [HMR] connected @ http://localhost:3123/_next/static/chunks/node_modules_next_dist_115brz8._.js:2477
[   56083ms] [LOG] [Fast Refresh] rebuilding @ http://localhost:3123/_next/static/chunks/node_modules_next_dist_115brz8._.js:2477
[   56103ms] [WARNING] Image with src "/logotipos/BRS WORKSPACE FUNDO CLARO SEM FUNDO.png" has either width or height modified, but not the other. If you use CSS to change the size of your image, also include the styles 'width: "auto"' or 'height: "auto"' to maintain the aspect ratio. @ http://localhost:3123/_next/static/chunks/node_modules_next_dist_115brz8._.js:2477
[   56105ms] [ERROR] WebSocket is already in CLOSING or CLOSED state. @ http://localhost:3123/_next/static/chunks/node_modules_next_dist_115brz8._.js:2836
[   56219ms] [INFO] %cDownload the React DevTools for a better development experience: https://react.dev/link/react-devtools font-weight:bold @ http://localhost:3123/_next/static/chunks/node_modules_next_dist_115brz8._.js:2477
[   56247ms] [LOG] [HMR] connected @ http://localhost:3123/_next/static/chunks/node_modules_next_dist_115brz8._.js:2477
[   56270ms] [LOG] [Fast Refresh] rebuilding @ http://localhost:3123/_next/static/chunks/node_modules_next_dist_115brz8._.js:2477
[   56296ms] [WARNING] Image with src "/logotipos/BRS WORKSPACE FUNDO CLARO SEM FUNDO.png" has either width or height modified, but not the other. If you use CSS to change the size of your image, also include the styles 'width: "auto"' or 'height: "auto"' to maintain the aspect ratio. @ http://localhost:3123/_next/static/chunks/node_modules_next_dist_115brz8._.js:2477
[   56306ms] [ERROR] WebSocket is already in CLOSING or CLOSED state. @ http://localhost:3123/_next/static/chunks/node_modules_next_dist_115brz8._.js:2836
[   56412ms] [INFO] %cDownload the React DevTools for a better development experience: https://react.dev/link/react-devtools font-weight:bold @ http://localhost:3123/_next/static/chunks/node_modules_next_dist_115brz8._.js:2477
[   56447ms] [LOG] [HMR] connected @ http://localhost:3123/_next/static/chunks/node_modules_next_dist_115brz8._.js:2477
[   56469ms] [LOG] [Fast Refresh] rebuilding @ http://localhost:3123/_next/static/chunks/node_modules_next_dist_115brz8._.js:2477
[   56503ms] [WARNING] Image with src "/logotipos/BRS WORKSPACE FUNDO CLARO SEM FUNDO.png" has either width or height modified, but not the other. If you use CSS to change the size of your image, also include the styles 'width: "auto"' or 'height: "auto"' to maintain the aspect ratio. @ http://localhost:3123/_next/static/chunks/node_modules_next_dist_115brz8._.js:2477
[   56527ms] [ERROR] WebSocket is already in CLOSING or CLOSED state. @ http://localhost:3123/_next/static/chunks/node_modules_next_dist_115brz8._.js:2836
[   56649ms] [INFO] %cDownload the React DevTools for a better development experience: https://react.dev/link/react-devtools font-weight:bold @ http://localhost:3123/_next/static/chunks/node_modules_next_dist_115brz8._.js:2477
[   56695ms] [LOG] [HMR] connected @ http://localhost:3123/_next/static/chunks/node_modules_next_dist_115brz8._.js:2477
[   56759ms] [LOG] [Fast Refresh] rebuilding @ http://localhost:3123/_next/static/chunks/node_modules_next_dist_115brz8._.js:2477
[   56791ms] [WARNING] Image with src "/logotipos/BRS WORKSPACE FUNDO CLARO SEM FUNDO.png" has either width or height modified, but not the other. If you use CSS to change the size of your image, also include the styles 'width: "auto"' or 'height: "auto"' to maintain the aspect ratio. @ http://localhost:3123/_next/static/chunks/node_modules_next_dist_115brz8._.js:2477
[   56792ms] [ERROR] WebSocket is already in CLOSING or CLOSED state. @ http://localhost:3123/_next/static/chunks/node_modules_next_dist_115brz8._.js:2836
[   56917ms] [INFO] %cDownload the React DevTools for a better development experience: https://react.dev/link/react-devtools font-weight:bold @ http://localhost:3123/_next/static/chunks/node_modules_next_dist_115brz8._.js:2477
[   56942ms] [LOG] [HMR] connected @ http://localhost:3123/_next/static/chunks/node_modules_next_dist_115brz8._.js:2477
[   57028ms] [WARNING] Image with src "/logotipos/BRS WORKSPACE FUNDO CLARO SEM FUNDO.png" has either width or height modified, but not the other. If you use CSS to change the size of your image, also include the styles 'width: "auto"' or 'height: "auto"' to maintain the aspect ratio. @ http://localhost:3123/_next/static/chunks/node_modules_next_dist_115brz8._.js:2477
[   57105ms] [INFO] %cDownload the React DevTools for a better development experience: https://react.dev/link/react-devtools font-weight:bold @ http://localhost:3123/_next/static/chunks/node_modules_next_dist_115brz8._.js:2477
[   57130ms] [LOG] [HMR] connected @ http://localhost:3123/_next/static/chunks/node_modules_next_dist_115brz8._.js:2477
[   57159ms] [LOG] [Fast Refresh] rebuilding @ http://localhost:3123/_next/static/chunks/node_modules_next_dist_115brz8._.js:2477
[   57180ms] [WARNING] Image with src "/logotipos/BRS WORKSPACE FUNDO CLARO SEM FUNDO.png" has either width or height modified, but not the other. If you use CSS to change the size of your image, also include the styles 'width: "auto"' or 'height: "auto"' to maintain the aspect ratio. @ http://localhost:3123/_next/static/chunks/node_modules_next_dist_115brz8._.js:2477
[   57193ms] [ERROR] WebSocket is already in CLOSING or CLOSED state. @ http://localhost:3123/_next/static/chunks/node_modules_next_dist_115brz8._.js:2836
[   57323ms] [INFO] %cDownload the React DevTools for a better development experience: https://react.dev/link/react-devtools font-weight:bold @ http://localhost:3123/_next/static/chunks/node_modules_next_dist_115brz8._.js:2477
[   57384ms] [LOG] [HMR] connected @ http://localhost:3123/_next/static/chunks/node_modules_next_dist_115brz8._.js:2477
[   57447ms] [WARNING] Image with src "/logotipos/BRS WORKSPACE FUNDO CLARO SEM FUNDO.png" has either width or height modified, but not the other. If you use CSS to change the size of your image, also include the styles 'width: "auto"' or 'height: "auto"' to maintain the aspect ratio. @ http://localhost:3123/_next/static/chunks/node_modules_next_dist_115brz8._.js:2477
[   57460ms] [ERROR] WebSocket is already in CLOSING or CLOSED state. @ http://localhost:3123/_next/static/chunks/node_modules_next_dist_115brz8._.js:2836
[   57629ms] [INFO] %cDownload the React DevTools for a better development experience: https://react.dev/link/react-devtools font-weight:bold @ http://localhost:3123/_next/static/chunks/node_modules_next_dist_115brz8._.js:2477
[   57664ms] [LOG] [HMR] connected @ http://localhost:3123/_next/static/chunks/node_modules_next_dist_115brz8._.js:2477
[   57725ms] [WARNING] Image with src "/logotipos/BRS WORKSPACE FUNDO CLARO SEM FUNDO.png" has either width or height modified, but not the other. If you use CSS to change the size of your image, also include the styles 'width: "auto"' or 'height: "auto"' to maintain the aspect ratio. @ http://localhost:3123/_next/static/chunks/node_modules_next_dist_115brz8._.js:2477
[   57756ms] [ERROR] WebSocket is already in CLOSING or CLOSED state. @ http://localhost:3123/_next/static/chunks/node_modules_next_dist_115brz8._.js:2836
