[      49ms] [INFO] %cDownload the React DevTools for a better development experience: https://react.dev/link/react-devtools font-weight:bold @ http://localhost:3123/_next/static/chunks/node_modules_next_dist_115brz8._.js:2477
[     110ms] [LOG] [HMR] connected @ http://localhost:3123/_next/static/chunks/node_modules_next_dist_115brz8._.js:2477
[     223ms] [WARNING] Image with src "/logotipos/BRS WORKSPACE FUNDO CLARO SEM FUNDO.png" has either width or height modified, but not the other. If you use CSS to change the size of your image, also include the styles 'width: "auto"' or 'height: "auto"' to maintain the aspect ratio. @ http://localhost:3123/_next/static/chunks/node_modules_next_dist_115brz8._.js:2477
[     237ms] [ERROR] WebSocket is already in CLOSING or CLOSED state. @ http://localhost:3123/_next/static/chunks/node_modules_next_dist_115brz8._.js:2836
[    1202ms] [LOG] [HMR] connected @ http://localhost:3123/_next/static/chunks/node_modules_next_dist_115brz8._.js:2477
[    2237ms] [LOG] [HMR] connected @ http://localhost:3123/_next/static/chunks/node_modules_next_dist_115brz8._.js:2477
[    3269ms] [LOG] [HMR] connected @ http://localhost:3123/_next/static/chunks/node_modules_next_dist_115brz8._.js:2477
[    4299ms] [LOG] [HMR] connected @ http://localhost:3123/_next/static/chunks/node_modules_next_dist_115brz8._.js:2477
[    5315ms] [LOG] [HMR] connected @ http://localhost:3123/_next/static/chunks/node_modules_next_dist_115brz8._.js:2477
[    9022ms] [INFO] %cDownload the React DevTools for a better development experience: https://react.dev/link/react-devtools font-weight:bold @ http://localhost:3123/_next/static/chunks/node_modules_next_dist_115brz8._.js:2477
[    9049ms] [LOG] [HMR] connected @ http://localhost:3123/_next/static/chunks/node_modules_next_dist_115brz8._.js:2477
[    9118ms] [LOG] [Fast Refresh] rebuilding @ http://localhost:3123/_next/static/chunks/node_modules_next_dist_115brz8._.js:2477
[    9426ms] [ERROR] WebSocket connection to 'wss://example.supabase.co/realtime/v1/websocket?apikey=dummy&vsn=2.0.0' failed: Error in connection establishment: net::ERR_NAME_NOT_RESOLVED @ http://localhost:3123/_next/static/chunks/node_modules_097we~m._.js:8551
[   10523ms] [ERROR] WebSocket connection to 'wss://example.supabase.co/realtime/v1/websocket?apikey=dummy&vsn=2.0.0' failed: Error in connection establishment: net::ERR_NAME_NOT_RESOLVED @ http://localhost:3123/_next/static/chunks/node_modules_097we~m._.js:8551
[   10797ms] [ERROR] Failed to load resource: the server responded with a status of 500 (Internal Server Error) @ http://localhost:3123/dev-conversas:0
[   10818ms] [LOG] [HMR] connected @ http://localhost:3123/_next/static/chunks/node_modules_next_dist_115brz8._.js:2477
[   11636ms] [INFO] %cDownload the React DevTools for a better development experience: https://react.dev/link/react-devtools font-weight:bold @ http://localhost:3123/_next/static/chunks/node_modules_next_dist_115brz8._.js:2477
[   11681ms] [LOG] [HMR] connected @ http://localhost:3123/_next/static/chunks/node_modules_next_dist_115brz8._.js:2477
[   11839ms] [ERROR] WebSocket connection to 'wss://example.supabase.co/realtime/v1/websocket?apikey=dummy&vsn=2.0.0' failed: Error in connection establishment: net::ERR_NAME_NOT_RESOLVED @ http://localhost:3123/_next/static/chunks/node_modules_097we~m._.js:8551
[   12929ms] [ERROR] Failed to load resource: the server responded with a status of 500 (Internal Server Error) @ http://localhost:3123/dev-conversas:0
[   12945ms] [ERROR] WebSocket connection to 'wss://example.supabase.co/realtime/v1/websocket?apikey=dummy&vsn=2.0.0' failed: Error in connection establishment: net::ERR_NAME_NOT_RESOLVED @ http://localhost:3123/_next/static/chunks/node_modules_097we~m._.js:8551
[   13940ms] [ERROR] Failed to load resource: the server responded with a status of 500 (Internal Server Error) @ http://localhost:3123/dev-conversas:0
[   14578ms] [ERROR] Failed to load resource: the server responded with a status of 500 (Internal Server Error) @ http://localhost:3123/dev-conversas:0
[   15420ms] [INFO] %cDownload the React DevTools for a better development experience: https://react.dev/link/react-devtools font-weight:bold @ http://localhost:3123/_next/static/chunks/node_modules_next_dist_115brz8._.js:2477
[   15466ms] [LOG] [HMR] connected @ http://localhost:3123/_next/static/chunks/node_modules_next_dist_115brz8._.js:2477
[   15638ms] [ERROR] WebSocket connection to 'wss://example.supabase.co/realtime/v1/websocket?apikey=dummy&vsn=2.0.0' failed: Error in connection establishment: net::ERR_NAME_NOT_RESOLVED @ http://localhost:3123/_next/static/chunks/node_modules_097we~m._.js:8551
[   16672ms] [INFO] %cDownload the React DevTools for a better development experience: https://react.dev/link/react-devtools font-weight:bold @ http://localhost:3123/_next/static/chunks/node_modules_next_dist_115brz8._.js:2477
[   16694ms] [LOG] [HMR] connected @ http://localhost:3123/_next/static/chunks/node_modules_next_dist_115brz8._.js:2477
[   16925ms] [ERROR] WebSocket connection to 'wss://example.supabase.co/realtime/v1/websocket?apikey=dummy&vsn=2.0.0' failed: Error in connection establishment: net::ERR_NAME_NOT_RESOLVED @ http://localhost:3123/_next/static/chunks/node_modules_097we~m._.js:8551
[   17550ms] [ERROR] Failed to load resource: the server responded with a status of 500 (Internal Server Error) @ http://localhost:3123/dev-conversas:0
[   17963ms] [INFO] %cDownload the React DevTools for a better development experience: https://react.dev/link/react-devtools font-weight:bold @ http://localhost:3123/_next/static/chunks/node_modules_next_dist_115brz8._.js:2477
[   18110ms] [LOG] [HMR] connected @ http://localhost:3123/_next/static/chunks/node_modules_next_dist_115brz8._.js:2477
[   18272ms] [ERROR] WebSocket connection to 'wss://example.supabase.co/realtime/v1/websocket?apikey=dummy&vsn=2.0.0' failed: Error in connection establishment: net::ERR_NAME_NOT_RESOLVED @ http://localhost:3123/_next/static/chunks/node_modules_097we~m._.js:8551
[   18957ms] [ERROR] Failed to load resource: the server responded with a status of 500 (Internal Server Error) @ http://localhost:3123/dev-conversas:0
[   19401ms] [ERROR] WebSocket connection to 'wss://example.supabase.co/realtime/v1/websocket?apikey=dummy&vsn=2.0.0' failed: Error in connection establishment: net::ERR_NAME_NOT_RESOLVED @ http://localhost:3123/_next/static/chunks/node_modules_097we~m._.js:8551
[   20158ms] [LOG] [HMR] connected @ http://localhost:3123/_next/static/chunks/node_modules_next_dist_115brz8._.js:2477
[   21503ms] [ERROR] WebSocket connection to 'wss://example.supabase.co/realtime/v1/websocket?apikey=dummy&vsn=2.0.0' failed: Error in connection establishment: net::ERR_NAME_NOT_RESOLVED @ http://localhost:3123/_next/static/chunks/node_modules_097we~m._.js:8551
[   25379ms] [INFO] %cDownload the React DevTools for a better development experience: https://react.dev/link/react-devtools font-weight:bold @ http://localhost:3123/_next/static/chunks/node_modules_next_dist_115brz8._.js:2477
[   25571ms] [LOG] [HMR] connected @ http://localhost:3123/_next/static/chunks/node_modules_next_dist_115brz8._.js:2477
[   25791ms] [ERROR] WebSocket connection to 'wss://example.supabase.co/realtime/v1/websocket?apikey=dummy&vsn=2.0.0' failed: Error in connection establishment: net::ERR_NAME_NOT_RESOLVED @ http://localhost:3123/_next/static/chunks/node_modules_097we~m._.js:8551
[   26358ms] [ERROR] Failed to load resource: the server responded with a status of 500 (Internal Server Error) @ http://localhost:3123/dev-conversas:0
[   26754ms] [INFO] %cDownload the React DevTools for a better development experience: https://react.dev/link/react-devtools font-weight:bold @ http://localhost:3123/_next/static/chunks/node_modules_next_dist_115brz8._.js:2477
[   26805ms] [LOG] [HMR] connected @ http://localhost:3123/_next/static/chunks/node_modules_next_dist_115brz8._.js:2477
[   26986ms] [ERROR] WebSocket connection to 'wss://example.supabase.co/realtime/v1/websocket?apikey=dummy&vsn=2.0.0' failed: Error in connection establishment: net::ERR_NAME_NOT_RESOLVED @ http://localhost:3123/_next/static/chunks/node_modules_097we~m._.js:8551
[   27570ms] [ERROR] Failed to load resource: the server responded with a status of 500 (Internal Server Error) @ http://localhost:3123/dev-conversas:0
[   28342ms] [INFO] %cDownload the React DevTools for a better development experience: https://react.dev/link/react-devtools font-weight:bold @ http://localhost:3123/_next/static/chunks/node_modules_next_dist_115brz8._.js:2477
[   28483ms] [LOG] [HMR] connected @ http://localhost:3123/_next/static/chunks/node_modules_next_dist_115brz8._.js:2477
[   28625ms] [ERROR] WebSocket connection to 'wss://example.supabase.co/realtime/v1/websocket?apikey=dummy&vsn=2.0.0' failed: Error in connection establishment: net::ERR_NAME_NOT_RESOLVED @ http://localhost:3123/_next/static/chunks/node_modules_097we~m._.js:8551
[   29156ms] [ERROR] Failed to load resource: the server responded with a status of 500 (Internal Server Error) @ http://localhost:3123/dev-conversas:0
[   30141ms] [INFO] %cDownload the React DevTools for a better development experience: https://react.dev/link/react-devtools font-weight:bold @ http://localhost:3123/_next/static/chunks/node_modules_next_dist_115brz8._.js:2477
[   30226ms] [LOG] [HMR] connected @ http://localhost:3123/_next/static/chunks/node_modules_next_dist_115brz8._.js:2477
[   30412ms] [ERROR] WebSocket connection to 'wss://example.supabase.co/realtime/v1/websocket?apikey=dummy&vsn=2.0.0' failed: Error in connection establishment: net::ERR_NAME_NOT_RESOLVED @ http://localhost:3123/_next/static/chunks/node_modules_097we~m._.js:8551
[   31305ms] [INFO] %cDownload the React DevTools for a better development experience: https://react.dev/link/react-devtools font-weight:bold @ http://localhost:3123/_next/static/chunks/node_modules_next_dist_115brz8._.js:2477
[   31372ms] [LOG] [HMR] connected @ http://localhost:3123/_next/static/chunks/node_modules_next_dist_115brz8._.js:2477
[   32344ms] [INFO] %cDownload the React DevTools for a better development experience: https://react.dev/link/react-devtools font-weight:bold @ http://localhost:3123/_next/static/chunks/node_modules_next_dist_115brz8._.js:2477
[   32440ms] [LOG] [HMR] connected @ http://localhost:3123/_next/static/chunks/node_modules_next_dist_115brz8._.js:2477
[   32626ms] [ERROR] WebSocket connection to 'wss://example.supabase.co/realtime/v1/websocket?apikey=dummy&vsn=2.0.0' failed: Error in connection establishment: net::ERR_NAME_NOT_RESOLVED @ http://localhost:3123/_next/static/chunks/node_modules_097we~m._.js:8551
[   33235ms] [ERROR] Failed to load resource: the server responded with a status of 500 (Internal Server Error) @ http://localhost:3123/dev-conversas:0
[   33484ms] [INFO] %cDownload the React DevTools for a better development experience: https://react.dev/link/react-devtools font-weight:bold @ http://localhost:3123/_next/static/chunks/node_modules_next_dist_115brz8._.js:2477
[   33506ms] [LOG] [HMR] connected @ http://localhost:3123/_next/static/chunks/node_modules_next_dist_115brz8._.js:2477
[   33731ms] [ERROR] WebSocket connection to 'wss://example.supabase.co/realtime/v1/websocket?apikey=dummy&vsn=2.0.0' failed: Error in connection establishment: net::ERR_NAME_NOT_RESOLVED @ http://localhost:3123/_next/static/chunks/node_modules_097we~m._.js:8551
[   34660ms] [ERROR] Failed to load resource: the server responded with a status of 500 (Internal Server Error) @ http://localhost:3123/dev-conversas:0
[   35274ms] [INFO] %cDownload the React DevTools for a better development experience: https://react.dev/link/react-devtools font-weight:bold @ http://localhost:3123/_next/static/chunks/node_modules_next_dist_115brz8._.js:2477
[   35305ms] [LOG] [HMR] connected @ http://localhost:3123/_next/static/chunks/node_modules_next_dist_115brz8._.js:2477
[   36355ms] [INFO] %cDownload the React DevTools for a better development experience: https://react.dev/link/react-devtools font-weight:bold @ http://localhost:3123/_next/static/chunks/node_modules_next_dist_115brz8._.js:2477
[   36441ms] [LOG] [HMR] connected @ http://localhost:3123/_next/static/chunks/node_modules_next_dist_115brz8._.js:2477
[   36622ms] [ERROR] WebSocket connection to 'wss://example.supabase.co/realtime/v1/websocket?apikey=dummy&vsn=2.0.0' failed: Error in connection establishment: net::ERR_NAME_NOT_RESOLVED @ http://localhost:3123/_next/static/chunks/node_modules_097we~m._.js:8551
[   37127ms] [ERROR] Failed to load resource: the server responded with a status of 500 (Internal Server Error) @ http://localhost:3123/dev-conversas:0
[   37471ms] [INFO] %cDownload the React DevTools for a better development experience: https://react.dev/link/react-devtools font-weight:bold @ http://localhost:3123/_next/static/chunks/node_modules_next_dist_115brz8._.js:2477
[   37573ms] [LOG] [HMR] connected @ http://localhost:3123/_next/static/chunks/node_modules_next_dist_115brz8._.js:2477
[   37888ms] [ERROR] WebSocket connection to 'wss://example.supabase.co/realtime/v1/websocket?apikey=dummy&vsn=2.0.0' failed: Error in connection establishment: net::ERR_NAME_NOT_RESOLVED @ http://localhost:3123/_next/static/chunks/node_modules_097we~m._.js:8551
[   38425ms] [INFO] %cDownload the React DevTools for a better development experience: https://react.dev/link/react-devtools font-weight:bold @ http://localhost:3123/_next/static/chunks/node_modules_next_dist_115brz8._.js:2477
[   38587ms] [LOG] [HMR] connected @ http://localhost:3123/_next/static/chunks/node_modules_next_dist_115brz8._.js:2477
[   38850ms] [ERROR] WebSocket connection to 'wss://example.supabase.co/realtime/v1/websocket?apikey=dummy&vsn=2.0.0' failed: Error in connection establishment: net::ERR_NAME_NOT_RESOLVED @ http://localhost:3123/_next/static/chunks/node_modules_097we~m._.js:8551
[   39463ms] [ERROR] Failed to load resource: the server responded with a status of 500 (Internal Server Error) @ http://localhost:3123/dev-conversas:0
[   39863ms] [INFO] %cDownload the React DevTools for a better development experience: https://react.dev/link/react-devtools font-weight:bold @ http://localhost:3123/_next/static/chunks/node_modules_next_dist_115brz8._.js:2477
[   39917ms] [LOG] [HMR] connected @ http://localhost:3123/_next/static/chunks/node_modules_next_dist_115brz8._.js:2477
[   40156ms] [ERROR] WebSocket connection to 'wss://example.supabase.co/realtime/v1/websocket?apikey=dummy&vsn=2.0.0' failed: Error in connection establishment: net::ERR_NAME_NOT_RESOLVED @ http://localhost:3123/_next/static/chunks/node_modules_097we~m._.js:8551
[   40761ms] [ERROR] Failed to load resource: the server responded with a status of 500 (Internal Server Error) @ http://localhost:3123/dev-conversas:0
[   41145ms] [INFO] %cDownload the React DevTools for a better development experience: https://react.dev/link/react-devtools font-weight:bold @ http://localhost:3123/_next/static/chunks/node_modules_next_dist_115brz8._.js:2477
[   41262ms] [LOG] [HMR] connected @ http://localhost:3123/_next/static/chunks/node_modules_next_dist_115brz8._.js:2477
[   41679ms] [INFO] %cDownload the React DevTools for a better development experience: https://react.dev/link/react-devtools font-weight:bold @ http://localhost:3123/_next/static/chunks/node_modules_next_dist_115brz8._.js:2477
[   41777ms] [LOG] [HMR] connected @ http://localhost:3123/_next/static/chunks/node_modules_next_dist_115brz8._.js:2477
[   41978ms] [ERROR] WebSocket connection to 'wss://example.supabase.co/realtime/v1/websocket?apikey=dummy&vsn=2.0.0' failed: Error in connection establishment: net::ERR_NAME_NOT_RESOLVED @ http://localhost:3123/_next/static/chunks/node_modules_097we~m._.js:8551
[   42444ms] [ERROR] Failed to load resource: the server responded with a status of 500 (Internal Server Error) @ http://localhost:3123/dev-conversas:0
[   42840ms] [INFO] %cDownload the React DevTools for a better development experience: https://react.dev/link/react-devtools font-weight:bold @ http://localhost:3123/_next/static/chunks/node_modules_next_dist_115brz8._.js:2477
[   42881ms] [LOG] [HMR] connected @ http://localhost:3123/_next/static/chunks/node_modules_next_dist_115brz8._.js:2477
[   43057ms] [ERROR] WebSocket connection to 'wss://example.supabase.co/realtime/v1/websocket?apikey=dummy&vsn=2.0.0' failed: Error in connection establishment: net::ERR_NAME_NOT_RESOLVED @ http://localhost:3123/_next/static/chunks/node_modules_097we~m._.js:8551
[   43794ms] [INFO] %cDownload the React DevTools for a better development experience: https://react.dev/link/react-devtools font-weight:bold @ http://localhost:3123/_next/static/chunks/node_modules_next_dist_115brz8._.js:2477
[   44002ms] [LOG] [HMR] connected @ http://localhost:3123/_next/static/chunks/node_modules_next_dist_115brz8._.js:2477
[   44219ms] [ERROR] WebSocket connection to 'wss://example.supabase.co/realtime/v1/websocket?apikey=dummy&vsn=2.0.0' failed: Error in connection establishment: net::ERR_NAME_NOT_RESOLVED @ http://localhost:3123/_next/static/chunks/node_modules_097we~m._.js:8551
[   44740ms] [ERROR] Failed to load resource: the server responded with a status of 500 (Internal Server Error) @ http://localhost:3123/dev-conversas:0
[   45324ms] [INFO] %cDownload the React DevTools for a better development experience: https://react.dev/link/react-devtools font-weight:bold @ http://localhost:3123/_next/static/chunks/node_modules_next_dist_115brz8._.js:2477
[   45381ms] [LOG] [HMR] connected @ http://localhost:3123/_next/static/chunks/node_modules_next_dist_115brz8._.js:2477
[   45566ms] [ERROR] WebSocket connection to 'wss://example.supabase.co/realtime/v1/websocket?apikey=dummy&vsn=2.0.0' failed: Error in connection establishment: net::ERR_NAME_NOT_RESOLVED @ http://localhost:3123/_next/static/chunks/node_modules_097we~m._.js:8551
[   45853ms] [INFO] %cDownload the React DevTools for a better development experience: https://react.dev/link/react-devtools font-weight:bold @ http://localhost:3123/_next/static/chunks/node_modules_next_dist_115brz8._.js:2477
[   45943ms] [LOG] [HMR] connected @ http://localhost:3123/_next/static/chunks/node_modules_next_dist_115brz8._.js:2477
[   46119ms] [ERROR] WebSocket connection to 'wss://example.supabase.co/realtime/v1/websocket?apikey=dummy&vsn=2.0.0' failed: Error in connection establishment: net::ERR_NAME_NOT_RESOLVED @ http://localhost:3123/_next/static/chunks/node_modules_097we~m._.js:8551
[   47000ms] [INFO] %cDownload the React DevTools for a better development experience: https://react.dev/link/react-devtools font-weight:bold @ http://localhost:3123/_next/static/chunks/node_modules_next_dist_115brz8._.js:2477
[   47091ms] [LOG] [HMR] connected @ http://localhost:3123/_next/static/chunks/node_modules_next_dist_115brz8._.js:2477
[   47435ms] [INFO] %cDownload the React DevTools for a better development experience: https://react.dev/link/react-devtools font-weight:bold @ http://localhost:3123/_next/static/chunks/node_modules_next_dist_115brz8._.js:2477
[   47485ms] [LOG] [HMR] connected @ http://localhost:3123/_next/static/chunks/node_modules_next_dist_115brz8._.js:2477
[   48106ms] [INFO] %cDownload the React DevTools for a better development experience: https://react.dev/link/react-devtools font-weight:bold @ http://localhost:3123/_next/static/chunks/node_modules_next_dist_115brz8._.js:2477
[   48177ms] [LOG] [HMR] connected @ http://localhost:3123/_next/static/chunks/node_modules_next_dist_115brz8._.js:2477
[   48780ms] [INFO] %cDownload the React DevTools for a better development experience: https://react.dev/link/react-devtools font-weight:bold @ http://localhost:3123/_next/static/chunks/node_modules_next_dist_115brz8._.js:2477
[   48850ms] [LOG] [HMR] connected @ http://localhost:3123/_next/static/chunks/node_modules_next_dist_115brz8._.js:2477
[   49261ms] [INFO] %cDownload the React DevTools for a better development experience: https://react.dev/link/react-devtools font-weight:bold @ http://localhost:3123/_next/static/chunks/node_modules_next_dist_115brz8._.js:2477
[   49308ms] [LOG] [HMR] connected @ http://localhost:3123/_next/static/chunks/node_modules_next_dist_115brz8._.js:2477
[   49468ms] [ERROR] WebSocket connection to 'wss://example.supabase.co/realtime/v1/websocket?apikey=dummy&vsn=2.0.0' failed: Error in connection establishment: net::ERR_NAME_NOT_RESOLVED @ http://localhost:3123/_next/static/chunks/node_modules_097we~m._.js:8551
[   50063ms] [ERROR] Failed to load resource: the server responded with a status of 500 (Internal Server Error) @ http://localhost:3123/dev-conversas:0
[   50561ms] [ERROR] WebSocket connection to 'wss://example.supabase.co/realtime/v1/websocket?apikey=dummy&vsn=2.0.0' failed: Error in connection establishment: net::ERR_NAME_NOT_RESOLVED @ http://localhost:3123/_next/static/chunks/node_modules_097we~m._.js:8551
[   50921ms] [ERROR] Failed to load resource: the server responded with a status of 500 (Internal Server Error) @ http://localhost:3123/dev-conversas:0
[   51351ms] [INFO] %cDownload the React DevTools for a better development experience: https://react.dev/link/react-devtools font-weight:bold @ http://localhost:3123/_next/static/chunks/node_modules_next_dist_115brz8._.js:2477
[   51375ms] [LOG] [HMR] connected @ http://localhost:3123/_next/static/chunks/node_modules_next_dist_115brz8._.js:2477
[   51592ms] [ERROR] WebSocket connection to 'wss://example.supabase.co/realtime/v1/websocket?apikey=dummy&vsn=2.0.0' failed: Error in connection establishment: net::ERR_NAME_NOT_RESOLVED @ http://localhost:3123/_next/static/chunks/node_modules_097we~m._.js:8551
[   52154ms] [ERROR] Failed to load resource: the server responded with a status of 500 (Internal Server Error) @ http://localhost:3123/dev-conversas:0
[   53297ms] [INFO] %cDownload the React DevTools for a better development experience: https://react.dev/link/react-devtools font-weight:bold @ http://localhost:3123/_next/static/chunks/node_modules_next_dist_115brz8._.js:2477
[   53436ms] [LOG] [HMR] connected @ http://localhost:3123/_next/static/chunks/node_modules_next_dist_115brz8._.js:2477
[   53852ms] [INFO] %cDownload the React DevTools for a better development experience: https://react.dev/link/react-devtools font-weight:bold @ http://localhost:3123/_next/static/chunks/node_modules_next_dist_115brz8._.js:2477
[   53991ms] [LOG] [HMR] connected @ http://localhost:3123/_next/static/chunks/node_modules_next_dist_115brz8._.js:2477
[   54151ms] [ERROR] WebSocket connection to 'wss://example.supabase.co/realtime/v1/websocket?apikey=dummy&vsn=2.0.0' failed: Error in connection establishment: net::ERR_NAME_NOT_RESOLVED @ http://localhost:3123/_next/static/chunks/node_modules_097we~m._.js:8551
[   54816ms] [ERROR] Failed to load resource: the server responded with a status of 500 (Internal Server Error) @ http://localhost:3123/dev-conversas:0
[   55138ms] [INFO] %cDownload the React DevTools for a better development experience: https://react.dev/link/react-devtools font-weight:bold @ http://localhost:3123/_next/static/chunks/node_modules_next_dist_115brz8._.js:2477
[   55171ms] [LOG] [HMR] connected @ http://localhost:3123/_next/static/chunks/node_modules_next_dist_115brz8._.js:2477
[   55365ms] [ERROR] WebSocket connection to 'wss://example.supabase.co/realtime/v1/websocket?apikey=dummy&vsn=2.0.0' failed: Error in connection establishment: net::ERR_NAME_NOT_RESOLVED @ http://localhost:3123/_next/static/chunks/node_modules_097we~m._.js:8551
[   55969ms] [ERROR] Failed to load resource: the server responded with a status of 500 (Internal Server Error) @ http://localhost:3123/dev-conversas:0
[   57009ms] [INFO] %cDownload the React DevTools for a better development experience: https://react.dev/link/react-devtools font-weight:bold @ http://localhost:3123/_next/static/chunks/node_modules_next_dist_115brz8._.js:2477
[   57112ms] [LOG] [HMR] connected @ http://localhost:3123/_next/static/chunks/node_modules_next_dist_115brz8._.js:2477
[   57276ms] [ERROR] WebSocket connection to 'wss://example.supabase.co/realtime/v1/websocket?apikey=dummy&vsn=2.0.0' failed: Error in connection establishment: net::ERR_NAME_NOT_RESOLVED @ http://localhost:3123/_next/static/chunks/node_modules_097we~m._.js:8551
[   57859ms] [ERROR] Failed to load resource: the server responded with a status of 500 (Internal Server Error) @ http://localhost:3123/dev-conversas:0
[   58442ms] [ERROR] WebSocket connection to 'wss://example.supabase.co/realtime/v1/websocket?apikey=dummy&vsn=2.0.0' failed: Error in connection establishment: net::ERR_NAME_NOT_RESOLVED @ http://localhost:3123/_next/static/chunks/node_modules_097we~m._.js:8551
[   58862ms] [ERROR] Failed to load resource: the server responded with a status of 500 (Internal Server Error) @ http://localhost:3123/dev-conversas:0
[   59719ms] [INFO] %cDownload the React DevTools for a better development experience: https://react.dev/link/react-devtools font-weight:bold @ http://localhost:3123/_next/static/chunks/node_modules_next_dist_115brz8._.js:2477
[   59763ms] [LOG] [HMR] connected @ http://localhost:3123/_next/static/chunks/node_modules_next_dist_115brz8._.js:2477
[   59985ms] [ERROR] WebSocket connection to 'wss://example.supabase.co/realtime/v1/websocket?apikey=dummy&vsn=2.0.0' failed: Error in connection establishment: net::ERR_NAME_NOT_RESOLVED @ http://localhost:3123/_next/static/chunks/node_modules_097we~m._.js:8551
[   60627ms] [ERROR] Failed to load resource: the server responded with a status of 500 (Internal Server Error) @ http://localhost:3123/dev-conversas:0
[   61540ms] [INFO] %cDownload the React DevTools for a better development experience: https://react.dev/link/react-devtools font-weight:bold @ http://localhost:3123/_next/static/chunks/node_modules_next_dist_115brz8._.js:2477
[   61588ms] [LOG] [HMR] connected @ http://localhost:3123/_next/static/chunks/node_modules_next_dist_115brz8._.js:2477
[   61780ms] [ERROR] WebSocket connection to 'wss://example.supabase.co/realtime/v1/websocket?apikey=dummy&vsn=2.0.0' failed: Error in connection establishment: net::ERR_NAME_NOT_RESOLVED @ http://localhost:3123/_next/static/chunks/node_modules_097we~m._.js:8551
[   62714ms] [INFO] %cDownload the React DevTools for a better development experience: https://react.dev/link/react-devtools font-weight:bold @ http://localhost:3123/_next/static/chunks/node_modules_next_dist_115brz8._.js:2477
[   62738ms] [LOG] [HMR] connected @ http://localhost:3123/_next/static/chunks/node_modules_next_dist_115brz8._.js:2477
[   62925ms] [ERROR] WebSocket connection to 'wss://example.supabase.co/realtime/v1/websocket?apikey=dummy&vsn=2.0.0' failed: Error in connection establishment: net::ERR_NAME_NOT_RESOLVED @ http://localhost:3123/_next/static/chunks/node_modules_097we~m._.js:8551
[   63574ms] [ERROR] Failed to load resource: the server responded with a status of 500 (Internal Server Error) @ http://localhost:3123/dev-conversas:0
[   63873ms] [INFO] %cDownload the React DevTools for a better development experience: https://react.dev/link/react-devtools font-weight:bold @ http://localhost:3123/_next/static/chunks/node_modules_next_dist_115brz8._.js:2477
[   63905ms] [LOG] [HMR] connected @ http://localhost:3123/_next/static/chunks/node_modules_next_dist_115brz8._.js:2477
[   64097ms] [ERROR] WebSocket connection to 'wss://example.supabase.co/realtime/v1/websocket?apikey=dummy&vsn=2.0.0' failed: Error in connection establishment: net::ERR_NAME_NOT_RESOLVED @ http://localhost:3123/_next/static/chunks/node_modules_097we~m._.js:8551
[   64605ms] [ERROR] Failed to load resource: the server responded with a status of 500 (Internal Server Error) @ http://localhost:3123/dev-conversas:0
[   65191ms] [ERROR] WebSocket connection to 'wss://example.supabase.co/realtime/v1/websocket?apikey=dummy&vsn=2.0.0' failed: Error in connection establishment: net::ERR_NAME_NOT_RESOLVED @ http://localhost:3123/_next/static/chunks/node_modules_097we~m._.js:8551
[   65891ms] [LOG] [HMR] connected @ http://localhost:3123/_next/static/chunks/node_modules_next_dist_115brz8._.js:2477
[   66703ms] [INFO] %cDownload the React DevTools for a better development experience: https://react.dev/link/react-devtools font-weight:bold @ http://localhost:3123/_next/static/chunks/node_modules_next_dist_115brz8._.js:2477
[   66744ms] [LOG] [HMR] connected @ http://localhost:3123/_next/static/chunks/node_modules_next_dist_115brz8._.js:2477
[   66940ms] [ERROR] WebSocket connection to 'wss://example.supabase.co/realtime/v1/websocket?apikey=dummy&vsn=2.0.0' failed: Error in connection establishment: net::ERR_NAME_NOT_RESOLVED @ http://localhost:3123/_next/static/chunks/node_modules_097we~m._.js:8551
[   67529ms] [ERROR] Failed to load resource: the server responded with a status of 500 (Internal Server Error) @ http://localhost:3123/dev-conversas:0
[   68642ms] [INFO] %cDownload the React DevTools for a better development experience: https://react.dev/link/react-devtools font-weight:bold @ http://localhost:3123/_next/static/chunks/node_modules_next_dist_115brz8._.js:2477
[   68736ms] [LOG] [HMR] connected @ http://localhost:3123/_next/static/chunks/node_modules_next_dist_115brz8._.js:2477
[   68939ms] [ERROR] WebSocket connection to 'wss://example.supabase.co/realtime/v1/websocket?apikey=dummy&vsn=2.0.0' failed: Error in connection establishment: net::ERR_NAME_NOT_RESOLVED @ http://localhost:3123/_next/static/chunks/node_modules_097we~m._.js:8551
[   69612ms] [ERROR] Failed to load resource: the server responded with a status of 500 (Internal Server Error) @ http://localhost:3123/dev-conversas:0
[   70044ms] [INFO] %cDownload the React DevTools for a better development experience: https://react.dev/link/react-devtools font-weight:bold @ http://localhost:3123/_next/static/chunks/node_modules_next_dist_115brz8._.js:2477
[   70075ms] [LOG] [HMR] connected @ http://localhost:3123/_next/static/chunks/node_modules_next_dist_115brz8._.js:2477
[   70549ms] [ERROR] WebSocket connection to 'wss://example.supabase.co/realtime/v1/websocket?apikey=dummy&vsn=2.0.0' failed: Error in connection establishment: net::ERR_NAME_NOT_RESOLVED @ http://localhost:3123/_next/static/chunks/node_modules_097we~m._.js:8551
[   71642ms] [ERROR] WebSocket connection to 'wss://example.supabase.co/realtime/v1/websocket?apikey=dummy&vsn=2.0.0' failed: Error in connection establishment: net::ERR_NAME_NOT_RESOLVED @ http://localhost:3123/_next/static/chunks/node_modules_097we~m._.js:8551
[   71892ms] [ERROR] Failed to load resource: the server responded with a status of 500 (Internal Server Error) @ http://localhost:3123/dev-conversas:0
[   71955ms] [LOG] [HMR] connected @ http://localhost:3123/_next/static/chunks/node_modules_next_dist_115brz8._.js:2477
[   73335ms] [INFO] %cDownload the React DevTools for a better development experience: https://react.dev/link/react-devtools font-weight:bold @ http://localhost:3123/_next/static/chunks/node_modules_next_dist_115brz8._.js:2477
[   73362ms] [LOG] [HMR] connected @ http://localhost:3123/_next/static/chunks/node_modules_next_dist_115brz8._.js:2477
[   73506ms] [ERROR] WebSocket connection to 'wss://example.supabase.co/realtime/v1/websocket?apikey=dummy&vsn=2.0.0' failed: Error in connection establishment: net::ERR_NAME_NOT_RESOLVED @ http://localhost:3123/_next/static/chunks/node_modules_097we~m._.js:8551
[   74602ms] [ERROR] WebSocket connection to 'wss://example.supabase.co/realtime/v1/websocket?apikey=dummy&vsn=2.0.0' failed: Error in connection establishment: net::ERR_NAME_NOT_RESOLVED @ http://localhost:3123/_next/static/chunks/node_modules_097we~m._.js:8551
[   74670ms] [ERROR] Failed to load resource: the server responded with a status of 500 (Internal Server Error) @ http://localhost:3123/dev-conversas:0
[   75700ms] [INFO] %cDownload the React DevTools for a better development experience: https://react.dev/link/react-devtools font-weight:bold @ http://localhost:3123/_next/static/chunks/node_modules_next_dist_115brz8._.js:2477
[   75726ms] [LOG] [HMR] connected @ http://localhost:3123/_next/static/chunks/node_modules_next_dist_115brz8._.js:2477
[   75859ms] [ERROR] WebSocket connection to 'wss://example.supabase.co/realtime/v1/websocket?apikey=dummy&vsn=2.0.0' failed: Error in connection establishment: net::ERR_NAME_NOT_RESOLVED @ http://localhost:3123/_next/static/chunks/node_modules_097we~m._.js:8551
[   76444ms] [ERROR] Failed to load resource: the server responded with a status of 500 (Internal Server Error) @ http://localhost:3123/dev-conversas:0
[   77363ms] [INFO] %cDownload the React DevTools for a better development experience: https://react.dev/link/react-devtools font-weight:bold @ http://localhost:3123/_next/static/chunks/node_modules_next_dist_115brz8._.js:2477
[   77396ms] [LOG] [HMR] connected @ http://localhost:3123/_next/static/chunks/node_modules_next_dist_115brz8._.js:2477
[   77538ms] [ERROR] WebSocket connection to 'wss://example.supabase.co/realtime/v1/websocket?apikey=dummy&vsn=2.0.0' failed: Error in connection establishment: net::ERR_NAME_NOT_RESOLVED @ http://localhost:3123/_next/static/chunks/node_modules_097we~m._.js:8551
[   78042ms] [ERROR] Failed to load resource: the server responded with a status of 500 (Internal Server Error) @ http://localhost:3123/dev-conversas:0
[   78317ms] [INFO] %cDownload the React DevTools for a better development experience: https://react.dev/link/react-devtools font-weight:bold @ http://localhost:3123/_next/static/chunks/node_modules_next_dist_115brz8._.js:2477
[   78415ms] [LOG] [HMR] connected @ http://localhost:3123/_next/static/chunks/node_modules_next_dist_115brz8._.js:2477
[   78639ms] [ERROR] WebSocket connection to 'wss://example.supabase.co/realtime/v1/websocket?apikey=dummy&vsn=2.0.0' failed: Error in connection establishment: net::ERR_NAME_NOT_RESOLVED @ http://localhost:3123/_next/static/chunks/node_modules_097we~m._.js:8551
[   80066ms] [INFO] %cDownload the React DevTools for a better development experience: https://react.dev/link/react-devtools font-weight:bold @ http://localhost:3123/_next/static/chunks/node_modules_next_dist_115brz8._.js:2477
[   80274ms] [LOG] [HMR] connected @ http://localhost:3123/_next/static/chunks/node_modules_next_dist_115brz8._.js:2477
[   80488ms] [ERROR] WebSocket connection to 'wss://example.supabase.co/realtime/v1/websocket?apikey=dummy&vsn=2.0.0' failed: Error in connection establishment: net::ERR_NAME_NOT_RESOLVED @ http://localhost:3123/_next/static/chunks/node_modules_097we~m._.js:8551
[   81160ms] [ERROR] Failed to load resource: the server responded with a status of 500 (Internal Server Error) @ http://localhost:3123/dev-conversas:0
[   83367ms] [INFO] %cDownload the React DevTools for a better development experience: https://react.dev/link/react-devtools font-weight:bold @ http://localhost:3123/_next/static/chunks/node_modules_next_dist_115brz8._.js:2477
[   83461ms] [LOG] [HMR] connected @ http://localhost:3123/_next/static/chunks/node_modules_next_dist_115brz8._.js:2477
[   83651ms] [ERROR] WebSocket connection to 'wss://example.supabase.co/realtime/v1/websocket?apikey=dummy&vsn=2.0.0' failed: Error in connection establishment: net::ERR_NAME_NOT_RESOLVED @ http://localhost:3123/_next/static/chunks/node_modules_097we~m._.js:8551
[   84113ms] [ERROR] Failed to load resource: the server responded with a status of 500 (Internal Server Error) @ http://localhost:3123/dev-conversas:0
[   84368ms] [INFO] %cDownload the React DevTools for a better development experience: https://react.dev/link/react-devtools font-weight:bold @ http://localhost:3123/_next/static/chunks/node_modules_next_dist_115brz8._.js:2477
[   84424ms] [LOG] [HMR] connected @ http://localhost:3123/_next/static/chunks/node_modules_next_dist_115brz8._.js:2477
[   84633ms] [ERROR] WebSocket connection to 'wss://example.supabase.co/realtime/v1/websocket?apikey=dummy&vsn=2.0.0' failed: Error in connection establishment: net::ERR_NAME_NOT_RESOLVED @ http://localhost:3123/_next/static/chunks/node_modules_097we~m._.js:8551
[   84919ms] [INFO] %cDownload the React DevTools for a better development experience: https://react.dev/link/react-devtools font-weight:bold @ http://localhost:3123/_next/static/chunks/node_modules_next_dist_115brz8._.js:2477
[   84955ms] [LOG] [HMR] connected @ http://localhost:3123/_next/static/chunks/node_modules_next_dist_115brz8._.js:2477
[   85192ms] [ERROR] WebSocket connection to 'wss://example.supabase.co/realtime/v1/websocket?apikey=dummy&vsn=2.0.0' failed: Error in connection establishment: net::ERR_NAME_NOT_RESOLVED @ http://localhost:3123/_next/static/chunks/node_modules_097we~m._.js:8551
[   86002ms] [INFO] %cDownload the React DevTools for a better development experience: https://react.dev/link/react-devtools font-weight:bold @ http://localhost:3123/_next/static/chunks/node_modules_next_dist_115brz8._.js:2477
[   86041ms] [LOG] [HMR] connected @ http://localhost:3123/_next/static/chunks/node_modules_next_dist_115brz8._.js:2477
[   86206ms] [ERROR] WebSocket connection to 'wss://example.supabase.co/realtime/v1/websocket?apikey=dummy&vsn=2.0.0' failed: Error in connection establishment: net::ERR_NAME_NOT_RESOLVED @ http://localhost:3123/_next/static/chunks/node_modules_097we~m._.js:8551
[   86818ms] [ERROR] Failed to load resource: the server responded with a status of 500 (Internal Server Error) @ http://localhost:3123/dev-conversas:0
[   87578ms] [INFO] %cDownload the React DevTools for a better development experience: https://react.dev/link/react-devtools font-weight:bold @ http://localhost:3123/_next/static/chunks/node_modules_next_dist_115brz8._.js:2477
[   87691ms] [LOG] [HMR] connected @ http://localhost:3123/_next/static/chunks/node_modules_next_dist_115brz8._.js:2477
[   87916ms] [ERROR] WebSocket connection to 'wss://example.supabase.co/realtime/v1/websocket?apikey=dummy&vsn=2.0.0' failed: Error in connection establishment: net::ERR_NAME_NOT_RESOLVED @ http://localhost:3123/_next/static/chunks/node_modules_097we~m._.js:8551
[   88596ms] [INFO] %cDownload the React DevTools for a better development experience: https://react.dev/link/react-devtools font-weight:bold @ http://localhost:3123/_next/static/chunks/node_modules_next_dist_115brz8._.js:2477
[   88642ms] [LOG] [HMR] connected @ http://localhost:3123/_next/static/chunks/node_modules_next_dist_115brz8._.js:2477
[   88839ms] [ERROR] WebSocket connection to 'wss://example.supabase.co/realtime/v1/websocket?apikey=dummy&vsn=2.0.0' failed: Error in connection establishment: net::ERR_NAME_NOT_RESOLVED @ http://localhost:3123/_next/static/chunks/node_modules_097we~m._.js:8551
[   89613ms] [ERROR] Failed to load resource: the server responded with a status of 500 (Internal Server Error) @ http://localhost:3123/dev-conversas:0
[   90624ms] [INFO] %cDownload the React DevTools for a better development experience: https://react.dev/link/react-devtools font-weight:bold @ http://localhost:3123/_next/static/chunks/node_modules_next_dist_115brz8._.js:2477
[   90651ms] [LOG] [HMR] connected @ http://localhost:3123/_next/static/chunks/node_modules_next_dist_115brz8._.js:2477
[   90811ms] [ERROR] WebSocket connection to 'wss://example.supabase.co/realtime/v1/websocket?apikey=dummy&vsn=2.0.0' failed: Error in connection establishment: net::ERR_NAME_NOT_RESOLVED @ http://localhost:3123/_next/static/chunks/node_modules_097we~m._.js:8551
[   91427ms] [ERROR] Failed to load resource: the server responded with a status of 500 (Internal Server Error) @ http://localhost:3123/dev-conversas:0
[   91714ms] [INFO] %cDownload the React DevTools for a better development experience: https://react.dev/link/react-devtools font-weight:bold @ http://localhost:3123/_next/static/chunks/node_modules_next_dist_115brz8._.js:2477
[   91758ms] [LOG] [HMR] connected @ http://localhost:3123/_next/static/chunks/node_modules_next_dist_115brz8._.js:2477
[   91933ms] [ERROR] WebSocket connection to 'wss://example.supabase.co/realtime/v1/websocket?apikey=dummy&vsn=2.0.0' failed: Error in connection establishment: net::ERR_NAME_NOT_RESOLVED @ http://localhost:3123/_next/static/chunks/node_modules_097we~m._.js:8551
[   92642ms] [INFO] %cDownload the React DevTools for a better development experience: https://react.dev/link/react-devtools font-weight:bold @ http://localhost:3123/_next/static/chunks/node_modules_next_dist_115brz8._.js:2477
[   92686ms] [LOG] [HMR] connected @ http://localhost:3123/_next/static/chunks/node_modules_next_dist_115brz8._.js:2477
[   92885ms] [ERROR] WebSocket connection to 'wss://example.supabase.co/realtime/v1/websocket?apikey=dummy&vsn=2.0.0' failed: Error in connection establishment: net::ERR_NAME_NOT_RESOLVED @ http://localhost:3123/_next/static/chunks/node_modules_097we~m._.js:8551
[   93719ms] [ERROR] Failed to load resource: the server responded with a status of 500 (Internal Server Error) @ http://localhost:3123/dev-conversas:0
[   93934ms] [INFO] %cDownload the React DevTools for a better development experience: https://react.dev/link/react-devtools font-weight:bold @ http://localhost:3123/_next/static/chunks/node_modules_next_dist_115brz8._.js:2477
[   93974ms] [LOG] [HMR] connected @ http://localhost:3123/_next/static/chunks/node_modules_next_dist_115brz8._.js:2477
[   94167ms] [ERROR] WebSocket connection to 'wss://example.supabase.co/realtime/v1/websocket?apikey=dummy&vsn=2.0.0' failed: Error in connection establishment: net::ERR_NAME_NOT_RESOLVED @ http://localhost:3123/_next/static/chunks/node_modules_097we~m._.js:8551
[   94808ms] [ERROR] Failed to load resource: the server responded with a status of 500 (Internal Server Error) @ http://localhost:3123/dev-conversas:0
[   95275ms] [ERROR] WebSocket connection to 'wss://example.supabase.co/realtime/v1/websocket?apikey=dummy&vsn=2.0.0' failed: Error in connection establishment: net::ERR_NAME_NOT_RESOLVED @ http://localhost:3123/_next/static/chunks/node_modules_097we~m._.js:8551
[   95320ms] [LOG] [HMR] connected @ http://localhost:3123/_next/static/chunks/node_modules_next_dist_115brz8._.js:2477
[   95925ms] [INFO] %cDownload the React DevTools for a better development experience: https://react.dev/link/react-devtools font-weight:bold @ http://localhost:3123/_next/static/chunks/node_modules_next_dist_115brz8._.js:2477
[   95957ms] [LOG] [HMR] connected @ http://localhost:3123/_next/static/chunks/node_modules_next_dist_115brz8._.js:2477
[   96136ms] [ERROR] WebSocket connection to 'wss://example.supabase.co/realtime/v1/websocket?apikey=dummy&vsn=2.0.0' failed: Error in connection establishment: net::ERR_NAME_NOT_RESOLVED @ http://localhost:3123/_next/static/chunks/node_modules_097we~m._.js:8551
[   96805ms] [ERROR] Failed to load resource: the server responded with a status of 500 (Internal Server Error) @ http://localhost:3123/dev-conversas:0
[   97396ms] [INFO] %cDownload the React DevTools for a better development experience: https://react.dev/link/react-devtools font-weight:bold @ http://localhost:3123/_next/static/chunks/node_modules_next_dist_115brz8._.js:2477
[   97761ms] [LOG] [HMR] connected @ http://localhost:3123/_next/static/chunks/node_modules_next_dist_115brz8._.js:2477
[   97910ms] [ERROR] WebSocket connection to 'wss://example.supabase.co/realtime/v1/websocket?apikey=dummy&vsn=2.0.0' failed: Error in connection establishment: net::ERR_NAME_NOT_RESOLVED @ http://localhost:3123/_next/static/chunks/node_modules_097we~m._.js:8551
[   99004ms] [ERROR] WebSocket connection to 'wss://example.supabase.co/realtime/v1/websocket?apikey=dummy&vsn=2.0.0' failed: Error in connection establishment: net::ERR_NAME_NOT_RESOLVED @ http://localhost:3123/_next/static/chunks/node_modules_097we~m._.js:8551
[   99720ms] [ERROR] Failed to load resource: the server responded with a status of 500 (Internal Server Error) @ http://localhost:3123/dev-conversas:0
[   99996ms] [LOG] [HMR] connected @ http://localhost:3123/_next/static/chunks/node_modules_next_dist_115brz8._.js:2477
[  100849ms] [INFO] %cDownload the React DevTools for a better development experience: https://react.dev/link/react-devtools font-weight:bold @ http://localhost:3123/_next/static/chunks/node_modules_next_dist_115brz8._.js:2477
[  101205ms] [LOG] [HMR] connected @ http://localhost:3123/_next/static/chunks/node_modules_next_dist_115brz8._.js:2477
[  101386ms] [ERROR] WebSocket connection to 'wss://example.supabase.co/realtime/v1/websocket?apikey=dummy&vsn=2.0.0' failed: Error in connection establishment: net::ERR_NAME_NOT_RESOLVED @ http://localhost:3123/_next/static/chunks/node_modules_097we~m._.js:8551
[  102275ms] [ERROR] Failed to load resource: the server responded with a status of 500 (Internal Server Error) @ http://localhost:3123/dev-conversas:0
[  103076ms] [INFO] %cDownload the React DevTools for a better development experience: https://react.dev/link/react-devtools font-weight:bold @ http://localhost:3123/_next/static/chunks/node_modules_next_dist_115brz8._.js:2477
[  103208ms] [LOG] [HMR] connected @ http://localhost:3123/_next/static/chunks/node_modules_next_dist_115brz8._.js:2477
[  103394ms] [ERROR] WebSocket connection to 'wss://example.supabase.co/realtime/v1/websocket?apikey=dummy&vsn=2.0.0' failed: Error in connection establishment: net::ERR_NAME_NOT_RESOLVED @ http://localhost:3123/_next/static/chunks/node_modules_097we~m._.js:8551
[  104295ms] [ERROR] Failed to load resource: the server responded with a status of 500 (Internal Server Error) @ http://localhost:3123/dev-conversas:0
[  104480ms] [ERROR] WebSocket connection to 'wss://example.supabase.co/realtime/v1/websocket?apikey=dummy&vsn=2.0.0' failed: Error in connection establishment: net::ERR_NAME_NOT_RESOLVED @ http://localhost:3123/_next/static/chunks/node_modules_097we~m._.js:8551
[  104627ms] [LOG] [HMR] connected @ http://localhost:3123/_next/static/chunks/node_modules_next_dist_115brz8._.js:2477
[  105738ms] [INFO] %cDownload the React DevTools for a better development experience: https://react.dev/link/react-devtools font-weight:bold @ http://localhost:3123/_next/static/chunks/node_modules_next_dist_115brz8._.js:2477
[  105795ms] [LOG] [HMR] connected @ http://localhost:3123/_next/static/chunks/node_modules_next_dist_115brz8._.js:2477
[  106096ms] [ERROR] WebSocket connection to 'wss://example.supabase.co/realtime/v1/websocket?apikey=dummy&vsn=2.0.0' failed: Error in connection establishment: net::ERR_NAME_NOT_RESOLVED @ http://localhost:3123/_next/static/chunks/node_modules_097we~m._.js:8551
[  107189ms] [ERROR] WebSocket connection to 'wss://example.supabase.co/realtime/v1/websocket?apikey=dummy&vsn=2.0.0' failed: Error in connection establishment: net::ERR_NAME_NOT_RESOLVED @ http://localhost:3123/_next/static/chunks/node_modules_097we~m._.js:8551
[  107234ms] [ERROR] Failed to load resource: the server responded with a status of 500 (Internal Server Error) @ http://localhost:3123/dev-conversas:0
[  107539ms] [LOG] [HMR] connected @ http://localhost:3123/_next/static/chunks/node_modules_next_dist_115brz8._.js:2477
[  108816ms] [INFO] %cDownload the React DevTools for a better development experience: https://react.dev/link/react-devtools font-weight:bold @ http://localhost:3123/_next/static/chunks/node_modules_next_dist_115brz8._.js:2477
[  108873ms] [LOG] [HMR] connected @ http://localhost:3123/_next/static/chunks/node_modules_next_dist_115brz8._.js:2477
[  109118ms] [ERROR] WebSocket connection to 'wss://example.supabase.co/realtime/v1/websocket?apikey=dummy&vsn=2.0.0' failed: Error in connection establishment: net::ERR_NAME_NOT_RESOLVED @ http://localhost:3123/_next/static/chunks/node_modules_097we~m._.js:8551
[  109809ms] [ERROR] Failed to load resource: the server responded with a status of 500 (Internal Server Error) @ http://localhost:3123/dev-conversas:0
[  110071ms] [LOG] [HMR] connected @ http://localhost:3123/_next/static/chunks/node_modules_next_dist_115brz8._.js:2477
[  111350ms] [INFO] %cDownload the React DevTools for a better development experience: https://react.dev/link/react-devtools font-weight:bold @ http://localhost:3123/_next/static/chunks/node_modules_next_dist_115brz8._.js:2477
[  111374ms] [LOG] [HMR] connected @ http://localhost:3123/_next/static/chunks/node_modules_next_dist_115brz8._.js:2477
[  111659ms] [ERROR] WebSocket connection to 'wss://example.supabase.co/realtime/v1/websocket?apikey=dummy&vsn=2.0.0' failed: Error in connection establishment: net::ERR_NAME_NOT_RESOLVED @ http://localhost:3123/_next/static/chunks/node_modules_097we~m._.js:8551
[  112351ms] [ERROR] Failed to load resource: the server responded with a status of 500 (Internal Server Error) @ http://localhost:3123/dev-conversas:0
[  112651ms] [LOG] [HMR] connected @ http://localhost:3123/_next/static/chunks/node_modules_next_dist_115brz8._.js:2477
[  113678ms] [INFO] %cDownload the React DevTools for a better development experience: https://react.dev/link/react-devtools font-weight:bold @ http://localhost:3123/_next/static/chunks/node_modules_next_dist_115brz8._.js:2477
[  113961ms] [LOG] [HMR] connected @ http://localhost:3123/_next/static/chunks/node_modules_next_dist_115brz8._.js:2477
[  114285ms] [ERROR] WebSocket connection to 'wss://example.supabase.co/realtime/v1/websocket?apikey=dummy&vsn=2.0.0' failed: Error in connection establishment: net::ERR_NAME_NOT_RESOLVED @ http://localhost:3123/_next/static/chunks/node_modules_097we~m._.js:8551
[  115399ms] [ERROR] WebSocket connection to 'wss://example.supabase.co/realtime/v1/websocket?apikey=dummy&vsn=2.0.0' failed: Error in connection establishment: net::ERR_NAME_NOT_RESOLVED @ http://localhost:3123/_next/static/chunks/node_modules_097we~m._.js:8551
[  115423ms] [ERROR] Failed to load resource: the server responded with a status of 500 (Internal Server Error) @ http://localhost:3123/dev-conversas:0
[  115774ms] [INFO] %cDownload the React DevTools for a better development experience: https://react.dev/link/react-devtools font-weight:bold @ http://localhost:3123/_next/static/chunks/node_modules_next_dist_115brz8._.js:2477
[  116182ms] [LOG] [HMR] connected @ http://localhost:3123/_next/static/chunks/node_modules_next_dist_115brz8._.js:2477
[  116369ms] [ERROR] WebSocket connection to 'wss://example.supabase.co/realtime/v1/websocket?apikey=dummy&vsn=2.0.0' failed: Error in connection establishment: net::ERR_NAME_NOT_RESOLVED @ http://localhost:3123/_next/static/chunks/node_modules_097we~m._.js:8551
[  117464ms] [ERROR] WebSocket connection to 'wss://example.supabase.co/realtime/v1/websocket?apikey=dummy&vsn=2.0.0' failed: Error in connection establishment: net::ERR_NAME_NOT_RESOLVED @ http://localhost:3123/_next/static/chunks/node_modules_097we~m._.js:8551
[  117618ms] [ERROR] Failed to load resource: the server responded with a status of 500 (Internal Server Error) @ http://localhost:3123/dev-conversas:0
[  117646ms] [LOG] [HMR] connected @ http://localhost:3123/_next/static/chunks/node_modules_next_dist_115brz8._.js:2477
[  119013ms] [INFO] %cDownload the React DevTools for a better development experience: https://react.dev/link/react-devtools font-weight:bold @ http://localhost:3123/_next/static/chunks/node_modules_next_dist_115brz8._.js:2477
[  119130ms] [LOG] [HMR] connected @ http://localhost:3123/_next/static/chunks/node_modules_next_dist_115brz8._.js:2477
[  119321ms] [ERROR] WebSocket connection to 'wss://example.supabase.co/realtime/v1/websocket?apikey=dummy&vsn=2.0.0' failed: Error in connection establishment: net::ERR_NAME_NOT_RESOLVED @ http://localhost:3123/_next/static/chunks/node_modules_097we~m._.js:8551
[  120435ms] [ERROR] WebSocket connection to 'wss://example.supabase.co/realtime/v1/websocket?apikey=dummy&vsn=2.0.0' failed: Error in connection establishment: net::ERR_NAME_NOT_RESOLVED @ http://localhost:3123/_next/static/chunks/node_modules_097we~m._.js:8551
[  120490ms] [ERROR] Failed to load resource: the server responded with a status of 500 (Internal Server Error) @ http://localhost:3123/dev-conversas:0
[  120538ms] [LOG] [HMR] connected @ http://localhost:3123/_next/static/chunks/node_modules_next_dist_115brz8._.js:2477
[  121084ms] [INFO] %cDownload the React DevTools for a better development experience: https://react.dev/link/react-devtools font-weight:bold @ http://localhost:3123/_next/static/chunks/node_modules_next_dist_115brz8._.js:2477
[  121211ms] [LOG] [HMR] connected @ http://localhost:3123/_next/static/chunks/node_modules_next_dist_115brz8._.js:2477
[  121440ms] [ERROR] WebSocket connection to 'wss://example.supabase.co/realtime/v1/websocket?apikey=dummy&vsn=2.0.0' failed: Error in connection establishment: net::ERR_NAME_NOT_RESOLVED @ http://localhost:3123/_next/static/chunks/node_modules_097we~m._.js:8551
[  122583ms] [ERROR] Failed to load resource: the server responded with a status of 500 (Internal Server Error) @ http://localhost:3123/dev-conversas:0
[  122584ms] [ERROR] WebSocket connection to 'wss://example.supabase.co/realtime/v1/websocket?apikey=dummy&vsn=2.0.0' failed: Error in connection establishment: net::ERR_NAME_NOT_RESOLVED @ http://localhost:3123/_next/static/chunks/node_modules_097we~m._.js:8551
[  122617ms] [LOG] [HMR] connected @ http://localhost:3123/_next/static/chunks/node_modules_next_dist_115brz8._.js:2477
[  123095ms] [INFO] %cDownload the React DevTools for a better development experience: https://react.dev/link/react-devtools font-weight:bold @ http://localhost:3123/_next/static/chunks/node_modules_next_dist_115brz8._.js:2477
[  123355ms] [LOG] [HMR] connected @ http://localhost:3123/_next/static/chunks/node_modules_next_dist_115brz8._.js:2477
[  123679ms] [ERROR] WebSocket connection to 'wss://example.supabase.co/realtime/v1/websocket?apikey=dummy&vsn=2.0.0' failed: Error in connection establishment: net::ERR_NAME_NOT_RESOLVED @ http://localhost:3123/_next/static/chunks/node_modules_097we~m._.js:8551
[  124795ms] [ERROR] WebSocket connection to 'wss://example.supabase.co/realtime/v1/websocket?apikey=dummy&vsn=2.0.0' failed: Error in connection establishment: net::ERR_NAME_NOT_RESOLVED @ http://localhost:3123/_next/static/chunks/node_modules_097we~m._.js:8551
[  125519ms] [ERROR] Failed to load resource: the server responded with a status of 500 (Internal Server Error) @ http://localhost:3123/dev-conversas:0
[  125738ms] [LOG] [HMR] connected @ http://localhost:3123/_next/static/chunks/node_modules_next_dist_115brz8._.js:2477
[  127146ms] [INFO] %cDownload the React DevTools for a better development experience: https://react.dev/link/react-devtools font-weight:bold @ http://localhost:3123/_next/static/chunks/node_modules_next_dist_115brz8._.js:2477
[  127212ms] [LOG] [HMR] connected @ http://localhost:3123/_next/static/chunks/node_modules_next_dist_115brz8._.js:2477
[  127491ms] [ERROR] WebSocket connection to 'wss://example.supabase.co/realtime/v1/websocket?apikey=dummy&vsn=2.0.0' failed: Error in connection establishment: net::ERR_NAME_NOT_RESOLVED @ http://localhost:3123/_next/static/chunks/node_modules_097we~m._.js:8551
[  128563ms] [ERROR] Failed to load resource: the server responded with a status of 500 (Internal Server Error) @ http://localhost:3123/dev-conversas:0
[  128587ms] [LOG] [HMR] connected @ http://localhost:3123/_next/static/chunks/node_modules_next_dist_115brz8._.js:2477
[  128896ms] [INFO] %cDownload the React DevTools for a better development experience: https://react.dev/link/react-devtools font-weight:bold @ http://localhost:3123/_next/static/chunks/node_modules_next_dist_115brz8._.js:2477
[  129023ms] [LOG] [HMR] connected @ http://localhost:3123/_next/static/chunks/node_modules_next_dist_115brz8._.js:2477
[  129387ms] [ERROR] WebSocket connection to 'wss://example.supabase.co/realtime/v1/websocket?apikey=dummy&vsn=2.0.0' failed: Error in connection establishment: net::ERR_NAME_NOT_RESOLVED @ http://localhost:3123/_next/static/chunks/node_modules_097we~m._.js:8551
[  132973ms] [INFO] %cDownload the React DevTools for a better development experience: https://react.dev/link/react-devtools font-weight:bold @ http://localhost:3123/_next/static/chunks/node_modules_next_dist_115brz8._.js:2477
[  133011ms] [LOG] [HMR] connected @ http://localhost:3123/_next/static/chunks/node_modules_next_dist_115brz8._.js:2477
[  133205ms] [ERROR] WebSocket connection to 'wss://example.supabase.co/realtime/v1/websocket?apikey=dummy&vsn=2.0.0' failed: Error in connection establishment: net::ERR_NAME_NOT_RESOLVED @ http://localhost:3123/_next/static/chunks/node_modules_097we~m._.js:8551
[  134291ms] [ERROR] WebSocket connection to 'wss://example.supabase.co/realtime/v1/websocket?apikey=dummy&vsn=2.0.0' failed: Error in connection establishment: net::ERR_NAME_NOT_RESOLVED @ http://localhost:3123/_next/static/chunks/node_modules_097we~m._.js:8551
[  134310ms] [ERROR] Failed to load resource: the server responded with a status of 500 (Internal Server Error) @ http://localhost:3123/dev-conversas:0
[  134755ms] [LOG] [HMR] connected @ http://localhost:3123/_next/static/chunks/node_modules_next_dist_115brz8._.js:2477
[  135048ms] [INFO] %cDownload the React DevTools for a better development experience: https://react.dev/link/react-devtools font-weight:bold @ http://localhost:3123/_next/static/chunks/node_modules_next_dist_115brz8._.js:2477
[  135319ms] [LOG] [HMR] connected @ http://localhost:3123/_next/static/chunks/node_modules_next_dist_115brz8._.js:2477
[  135591ms] [ERROR] WebSocket connection to 'wss://example.supabase.co/realtime/v1/websocket?apikey=dummy&vsn=2.0.0' failed: Error in connection establishment: net::ERR_NAME_NOT_RESOLVED @ http://localhost:3123/_next/static/chunks/node_modules_097we~m._.js:8551
[  136708ms] [INFO] %cDownload the React DevTools for a better development experience: https://react.dev/link/react-devtools font-weight:bold @ http://localhost:3123/_next/static/chunks/node_modules_next_dist_115brz8._.js:2477
[  136788ms] [LOG] [HMR] connected @ http://localhost:3123/_next/static/chunks/node_modules_next_dist_115brz8._.js:2477
[  137462ms] [INFO] %cDownload the React DevTools for a better development experience: https://react.dev/link/react-devtools font-weight:bold @ http://localhost:3123/_next/static/chunks/node_modules_next_dist_115brz8._.js:2477
[  137552ms] [LOG] [HMR] connected @ http://localhost:3123/_next/static/chunks/node_modules_next_dist_115brz8._.js:2477
[  137833ms] [ERROR] WebSocket connection to 'wss://example.supabase.co/realtime/v1/websocket?apikey=dummy&vsn=2.0.0' failed: Error in connection establishment: net::ERR_NAME_NOT_RESOLVED @ http://localhost:3123/_next/static/chunks/node_modules_097we~m._.js:8551
[  138730ms] [ERROR] Failed to load resource: the server responded with a status of 500 (Internal Server Error) @ http://localhost:3123/dev-conversas:0
[  138862ms] [LOG] [HMR] connected @ http://localhost:3123/_next/static/chunks/node_modules_next_dist_115brz8._.js:2477
[  139180ms] [INFO] %cDownload the React DevTools for a better development experience: https://react.dev/link/react-devtools font-weight:bold @ http://localhost:3123/_next/static/chunks/node_modules_next_dist_115brz8._.js:2477
[  139227ms] [LOG] [HMR] connected @ http://localhost:3123/_next/static/chunks/node_modules_next_dist_115brz8._.js:2477
[  139410ms] [ERROR] WebSocket connection to 'wss://example.supabase.co/realtime/v1/websocket?apikey=dummy&vsn=2.0.0' failed: Error in connection establishment: net::ERR_NAME_NOT_RESOLVED @ http://localhost:3123/_next/static/chunks/node_modules_097we~m._.js:8551
[  140535ms] [ERROR] Failed to load resource: the server responded with a status of 500 (Internal Server Error) @ http://localhost:3123/dev-conversas:0
[  140575ms] [ERROR] WebSocket connection to 'wss://example.supabase.co/realtime/v1/websocket?apikey=dummy&vsn=2.0.0' failed: Error in connection establishment: net::ERR_NAME_NOT_RESOLVED @ http://localhost:3123/_next/static/chunks/node_modules_097we~m._.js:8551
[  140686ms] [LOG] [HMR] connected @ http://localhost:3123/_next/static/chunks/node_modules_next_dist_115brz8._.js:2477
[  141365ms] [INFO] %cDownload the React DevTools for a better development experience: https://react.dev/link/react-devtools font-weight:bold @ http://localhost:3123/_next/static/chunks/node_modules_next_dist_115brz8._.js:2477
[  141438ms] [LOG] [HMR] connected @ http://localhost:3123/_next/static/chunks/node_modules_next_dist_115brz8._.js:2477
[  141608ms] [ERROR] WebSocket connection to 'wss://example.supabase.co/realtime/v1/websocket?apikey=dummy&vsn=2.0.0' failed: Error in connection establishment: net::ERR_NAME_NOT_RESOLVED @ http://localhost:3123/_next/static/chunks/node_modules_097we~m._.js:8551
[  142703ms] [ERROR] WebSocket connection to 'wss://example.supabase.co/realtime/v1/websocket?apikey=dummy&vsn=2.0.0' failed: Error in connection establishment: net::ERR_NAME_NOT_RESOLVED @ http://localhost:3123/_next/static/chunks/node_modules_097we~m._.js:8551
[  142961ms] [ERROR] Failed to load resource: the server responded with a status of 500 (Internal Server Error) @ http://localhost:3123/dev-conversas:0
[  143192ms] [INFO] %cDownload the React DevTools for a better development experience: https://react.dev/link/react-devtools font-weight:bold @ http://localhost:3123/_next/static/chunks/node_modules_next_dist_115brz8._.js:2477
[  143251ms] [LOG] [HMR] connected @ http://localhost:3123/_next/static/chunks/node_modules_next_dist_115brz8._.js:2477
[  143498ms] [ERROR] WebSocket connection to 'wss://example.supabase.co/realtime/v1/websocket?apikey=dummy&vsn=2.0.0' failed: Error in connection establishment: net::ERR_NAME_NOT_RESOLVED @ http://localhost:3123/_next/static/chunks/node_modules_097we~m._.js:8551
[  144230ms] [ERROR] Failed to load resource: the server responded with a status of 500 (Internal Server Error) @ http://localhost:3123/dev-conversas:0
[  145961ms] [INFO] %cDownload the React DevTools for a better development experience: https://react.dev/link/react-devtools font-weight:bold @ http://localhost:3123/_next/static/chunks/node_modules_next_dist_115brz8._.js:2477
[  146194ms] [LOG] [HMR] connected @ http://localhost:3123/_next/static/chunks/node_modules_next_dist_115brz8._.js:2477
[  146519ms] [ERROR] WebSocket connection to 'wss://example.supabase.co/realtime/v1/websocket?apikey=dummy&vsn=2.0.0' failed: Error in connection establishment: net::ERR_NAME_NOT_RESOLVED @ http://localhost:3123/_next/static/chunks/node_modules_097we~m._.js:8551
[  147280ms] [ERROR] Failed to load resource: the server responded with a status of 500 (Internal Server Error) @ http://localhost:3123/dev-conversas:0
[  147671ms] [INFO] %cDownload the React DevTools for a better development experience: https://react.dev/link/react-devtools font-weight:bold @ http://localhost:3123/_next/static/chunks/node_modules_next_dist_115brz8._.js:2477
[  147867ms] [LOG] [HMR] connected @ http://localhost:3123/_next/static/chunks/node_modules_next_dist_115brz8._.js:2477
[  148162ms] [ERROR] WebSocket connection to 'wss://example.supabase.co/realtime/v1/websocket?apikey=dummy&vsn=2.0.0' failed: Error in connection establishment: net::ERR_NAME_NOT_RESOLVED @ http://localhost:3123/_next/static/chunks/node_modules_097we~m._.js:8551
[  149256ms] [ERROR] WebSocket connection to 'wss://example.supabase.co/realtime/v1/websocket?apikey=dummy&vsn=2.0.0' failed: Error in connection establishment: net::ERR_NAME_NOT_RESOLVED @ http://localhost:3123/_next/static/chunks/node_modules_097we~m._.js:8551
[  149995ms] [ERROR] Failed to load resource: the server responded with a status of 500 (Internal Server Error) @ http://localhost:3123/dev-conversas:0
[  150735ms] [INFO] %cDownload the React DevTools for a better development experience: https://react.dev/link/react-devtools font-weight:bold @ http://localhost:3123/_next/static/chunks/node_modules_next_dist_115brz8._.js:2477
[  151045ms] [LOG] [HMR] connected @ http://localhost:3123/_next/static/chunks/node_modules_next_dist_115brz8._.js:2477
[  151289ms] [ERROR] WebSocket connection to 'wss://example.supabase.co/realtime/v1/websocket?apikey=dummy&vsn=2.0.0' failed: Error in connection establishment: net::ERR_NAME_NOT_RESOLVED @ http://localhost:3123/_next/static/chunks/node_modules_097we~m._.js:8551
[  152387ms] [ERROR] WebSocket connection to 'wss://example.supabase.co/realtime/v1/websocket?apikey=dummy&vsn=2.0.0' failed: Error in connection establishment: net::ERR_NAME_NOT_RESOLVED @ http://localhost:3123/_next/static/chunks/node_modules_097we~m._.js:8551
[  152528ms] [ERROR] Failed to load resource: the server responded with a status of 500 (Internal Server Error) @ http://localhost:3123/dev-conversas:0
[  152576ms] [LOG] [HMR] connected @ http://localhost:3123/_next/static/chunks/node_modules_next_dist_115brz8._.js:2477
[  154538ms] [INFO] %cDownload the React DevTools for a better development experience: https://react.dev/link/react-devtools font-weight:bold @ http://localhost:3123/_next/static/chunks/node_modules_next_dist_115brz8._.js:2477
[  154771ms] [LOG] [HMR] connected @ http://localhost:3123/_next/static/chunks/node_modules_next_dist_115brz8._.js:2477
[  155080ms] [ERROR] WebSocket connection to 'wss://example.supabase.co/realtime/v1/websocket?apikey=dummy&vsn=2.0.0' failed: Error in connection establishment: net::ERR_NAME_NOT_RESOLVED @ http://localhost:3123/_next/static/chunks/node_modules_097we~m._.js:8551
[  156181ms] [ERROR] WebSocket connection to 'wss://example.supabase.co/realtime/v1/websocket?apikey=dummy&vsn=2.0.0' failed: Error in connection establishment: net::ERR_NAME_NOT_RESOLVED @ http://localhost:3123/_next/static/chunks/node_modules_097we~m._.js:8551
[  156238ms] [ERROR] Failed to load resource: the server responded with a status of 500 (Internal Server Error) @ http://localhost:3123/dev-conversas:0
[  156713ms] [INFO] %cDownload the React DevTools for a better development experience: https://react.dev/link/react-devtools font-weight:bold @ http://localhost:3123/_next/static/chunks/node_modules_next_dist_115brz8._.js:2477
[  156810ms] [LOG] [HMR] connected @ http://localhost:3123/_next/static/chunks/node_modules_next_dist_115brz8._.js:2477
[  157111ms] [ERROR] WebSocket connection to 'wss://example.supabase.co/realtime/v1/websocket?apikey=dummy&vsn=2.0.0' failed: Error in connection establishment: net::ERR_NAME_NOT_RESOLVED @ http://localhost:3123/_next/static/chunks/node_modules_097we~m._.js:8551
[  158212ms] [ERROR] WebSocket connection to 'wss://example.supabase.co/realtime/v1/websocket?apikey=dummy&vsn=2.0.0' failed: Error in connection establishment: net::ERR_NAME_NOT_RESOLVED @ http://localhost:3123/_next/static/chunks/node_modules_097we~m._.js:8551
[  158452ms] [ERROR] Failed to load resource: the server responded with a status of 500 (Internal Server Error) @ http://localhost:3123/dev-conversas:0
[  158526ms] [LOG] [HMR] connected @ http://localhost:3123/_next/static/chunks/node_modules_next_dist_115brz8._.js:2477
[  159493ms] [INFO] %cDownload the React DevTools for a better development experience: https://react.dev/link/react-devtools font-weight:bold @ http://localhost:3123/_next/static/chunks/node_modules_next_dist_115brz8._.js:2477
[  159745ms] [LOG] [HMR] connected @ http://localhost:3123/_next/static/chunks/node_modules_next_dist_115brz8._.js:2477
[  160188ms] [ERROR] WebSocket connection to 'wss://example.supabase.co/realtime/v1/websocket?apikey=dummy&vsn=2.0.0' failed: Error in connection establishment: net::ERR_NAME_NOT_RESOLVED @ http://localhost:3123/_next/static/chunks/node_modules_097we~m._.js:8551
[  161280ms] [ERROR] WebSocket connection to 'wss://example.supabase.co/realtime/v1/websocket?apikey=dummy&vsn=2.0.0' failed: Error in connection establishment: net::ERR_NAME_NOT_RESOLVED @ http://localhost:3123/_next/static/chunks/node_modules_097we~m._.js:8551
[  161444ms] [LOG] [HMR] connected @ http://localhost:3123/_next/static/chunks/node_modules_next_dist_115brz8._.js:2477
[  163216ms] [INFO] %cDownload the React DevTools for a better development experience: https://react.dev/link/react-devtools font-weight:bold @ http://localhost:3123/_next/static/chunks/node_modules_next_dist_115brz8._.js:2477
[  163236ms] [LOG] [HMR] connected @ http://localhost:3123/_next/static/chunks/node_modules_next_dist_115brz8._.js:2477
[  163567ms] [ERROR] WebSocket connection to 'wss://example.supabase.co/realtime/v1/websocket?apikey=dummy&vsn=2.0.0' failed: Error in connection establishment: net::ERR_NAME_NOT_RESOLVED @ http://localhost:3123/_next/static/chunks/node_modules_097we~m._.js:8551
[  164257ms] [ERROR] Failed to load resource: the server responded with a status of 500 (Internal Server Error) @ http://localhost:3123/dev-conversas:0
[  164659ms] [ERROR] WebSocket connection to 'wss://example.supabase.co/realtime/v1/websocket?apikey=dummy&vsn=2.0.0' failed: Error in connection establishment: net::ERR_NAME_NOT_RESOLVED @ http://localhost:3123/_next/static/chunks/node_modules_097we~m._.js:8551
[  165308ms] [ERROR] Failed to load resource: the server responded with a status of 500 (Internal Server Error) @ http://localhost:3123/dev-conversas:0
[  165598ms] [INFO] %cDownload the React DevTools for a better development experience: https://react.dev/link/react-devtools font-weight:bold @ http://localhost:3123/_next/static/chunks/node_modules_next_dist_115brz8._.js:2477
[  165665ms] [LOG] [HMR] connected @ http://localhost:3123/_next/static/chunks/node_modules_next_dist_115brz8._.js:2477
[  166181ms] [INFO] %cDownload the React DevTools for a better development experience: https://react.dev/link/react-devtools font-weight:bold @ http://localhost:3123/_next/static/chunks/node_modules_next_dist_115brz8._.js:2477
[  166225ms] [LOG] [HMR] connected @ http://localhost:3123/_next/static/chunks/node_modules_next_dist_115brz8._.js:2477
[  166383ms] [ERROR] WebSocket connection to 'wss://example.supabase.co/realtime/v1/websocket?apikey=dummy&vsn=2.0.0' failed: Error in connection establishment: net::ERR_NAME_NOT_RESOLVED @ http://localhost:3123/_next/static/chunks/node_modules_097we~m._.js:8551
[  167049ms] [ERROR] Failed to load resource: the server responded with a status of 500 (Internal Server Error) @ http://localhost:3123/dev-conversas:0
[  167514ms] [ERROR] WebSocket connection to 'wss://example.supabase.co/realtime/v1/websocket?apikey=dummy&vsn=2.0.0' failed: Error in connection establishment: net::ERR_NAME_NOT_RESOLVED @ http://localhost:3123/_next/static/chunks/node_modules_097we~m._.js:8551
[  168096ms] [INFO] %cDownload the React DevTools for a better development experience: https://react.dev/link/react-devtools font-weight:bold @ http://localhost:3123/_next/static/chunks/node_modules_next_dist_115brz8._.js:2477
[  168123ms] [LOG] [HMR] connected @ http://localhost:3123/_next/static/chunks/node_modules_next_dist_115brz8._.js:2477
[  168348ms] [ERROR] WebSocket connection to 'wss://example.supabase.co/realtime/v1/websocket?apikey=dummy&vsn=2.0.0' failed: Error in connection establishment: net::ERR_NAME_NOT_RESOLVED @ http://localhost:3123/_next/static/chunks/node_modules_097we~m._.js:8551
[  169151ms] [INFO] %cDownload the React DevTools for a better development experience: https://react.dev/link/react-devtools font-weight:bold @ http://localhost:3123/_next/static/chunks/node_modules_next_dist_115brz8._.js:2477
[  169304ms] [LOG] [HMR] connected @ http://localhost:3123/_next/static/chunks/node_modules_next_dist_115brz8._.js:2477
[  169452ms] [ERROR] WebSocket connection to 'wss://example.supabase.co/realtime/v1/websocket?apikey=dummy&vsn=2.0.0' failed: Error in connection establishment: net::ERR_NAME_NOT_RESOLVED @ http://localhost:3123/_next/static/chunks/node_modules_097we~m._.js:8551
[  170551ms] [ERROR] WebSocket connection to 'wss://example.supabase.co/realtime/v1/websocket?apikey=dummy&vsn=2.0.0' failed: Error in connection establishment: net::ERR_NAME_NOT_RESOLVED @ http://localhost:3123/_next/static/chunks/node_modules_097we~m._.js:8551
[  170873ms] [ERROR] Failed to load resource: the server responded with a status of 500 (Internal Server Error) @ http://localhost:3123/dev-conversas:0
[  170897ms] [LOG] [HMR] connected @ http://localhost:3123/_next/static/chunks/node_modules_next_dist_115brz8._.js:2477
[  171934ms] [INFO] %cDownload the React DevTools for a better development experience: https://react.dev/link/react-devtools font-weight:bold @ http://localhost:3123/_next/static/chunks/node_modules_next_dist_115brz8._.js:2477
[  171990ms] [LOG] [HMR] connected @ http://localhost:3123/_next/static/chunks/node_modules_next_dist_115brz8._.js:2477
[  172186ms] [ERROR] WebSocket connection to 'wss://example.supabase.co/realtime/v1/websocket?apikey=dummy&vsn=2.0.0' failed: Error in connection establishment: net::ERR_NAME_NOT_RESOLVED @ http://localhost:3123/_next/static/chunks/node_modules_097we~m._.js:8551
[  172811ms] [ERROR] Failed to load resource: the server responded with a status of 500 (Internal Server Error) @ http://localhost:3123/dev-conversas:0
[  173902ms] [INFO] %cDownload the React DevTools for a better development experience: https://react.dev/link/react-devtools font-weight:bold @ http://localhost:3123/_next/static/chunks/node_modules_next_dist_115brz8._.js:2477
[  174025ms] [LOG] [HMR] connected @ http://localhost:3123/_next/static/chunks/node_modules_next_dist_115brz8._.js:2477
[  174336ms] [ERROR] WebSocket connection to 'wss://example.supabase.co/realtime/v1/websocket?apikey=dummy&vsn=2.0.0' failed: Error in connection establishment: net::ERR_NAME_NOT_RESOLVED @ http://localhost:3123/_next/static/chunks/node_modules_097we~m._.js:8551
[  175229ms] [INFO] %cDownload the React DevTools for a better development experience: https://react.dev/link/react-devtools font-weight:bold @ http://localhost:3123/_next/static/chunks/node_modules_next_dist_115brz8._.js:2477
[  175635ms] [LOG] [HMR] connected @ http://localhost:3123/_next/static/chunks/node_modules_next_dist_115brz8._.js:2477
[  175858ms] [ERROR] WebSocket connection to 'wss://example.supabase.co/realtime/v1/websocket?apikey=dummy&vsn=2.0.0' failed: Error in connection establishment: net::ERR_NAME_NOT_RESOLVED @ http://localhost:3123/_next/static/chunks/node_modules_097we~m._.js:8551
[  176900ms] [ERROR] Failed to load resource: the server responded with a status of 500 (Internal Server Error) @ http://localhost:3123/dev-conversas:0
[  176929ms] [LOG] [HMR] connected @ http://localhost:3123/_next/static/chunks/node_modules_next_dist_115brz8._.js:2477
[  177027ms] [ERROR] WebSocket connection to 'wss://example.supabase.co/realtime/v1/websocket?apikey=dummy&vsn=2.0.0' failed: Error in connection establishment: net::ERR_NAME_NOT_RESOLVED @ http://localhost:3123/_next/static/chunks/node_modules_097we~m._.js:8551
[  177743ms] [INFO] %cDownload the React DevTools for a better development experience: https://react.dev/link/react-devtools font-weight:bold @ http://localhost:3123/_next/static/chunks/node_modules_next_dist_115brz8._.js:2477
[  177764ms] [LOG] [HMR] connected @ http://localhost:3123/_next/static/chunks/node_modules_next_dist_115brz8._.js:2477
[  182206ms] [ERROR] WebSocket connection to 'wss://example.supabase.co/realtime/v1/websocket?apikey=dummy&vsn=2.0.0' failed: Error in connection establishment: net::ERR_NAME_NOT_RESOLVED @ http://localhost:3123/_next/static/chunks/node_modules_097we~m._.js:8551
[  183156ms] [ERROR] Failed to load resource: the server responded with a status of 500 (Internal Server Error) @ http://localhost:3123/dev-conversas:0
[  183295ms] [ERROR] WebSocket connection to 'wss://example.supabase.co/realtime/v1/websocket?apikey=dummy&vsn=2.0.0' failed: Error in connection establishment: net::ERR_NAME_NOT_RESOLVED @ http://localhost:3123/_next/static/chunks/node_modules_097we~m._.js:8551
[  184414ms] [INFO] %cDownload the React DevTools for a better development experience: https://react.dev/link/react-devtools font-weight:bold @ http://localhost:3123/_next/static/chunks/node_modules_next_dist_115brz8._.js:2477
[  184491ms] [LOG] [HMR] connected @ http://localhost:3123/_next/static/chunks/node_modules_next_dist_115brz8._.js:2477
[  184702ms] [ERROR] WebSocket connection to 'wss://example.supabase.co/realtime/v1/websocket?apikey=dummy&vsn=2.0.0' failed: Error in connection establishment: net::ERR_NAME_NOT_RESOLVED @ http://localhost:3123/_next/static/chunks/node_modules_097we~m._.js:8551
[  185283ms] [ERROR] Failed to load resource: the server responded with a status of 500 (Internal Server Error) @ http://localhost:3123/dev-conversas:0
[  185878ms] [INFO] %cDownload the React DevTools for a better development experience: https://react.dev/link/react-devtools font-weight:bold @ http://localhost:3123/_next/static/chunks/node_modules_next_dist_115brz8._.js:2477
[  185933ms] [LOG] [HMR] connected @ http://localhost:3123/_next/static/chunks/node_modules_next_dist_115brz8._.js:2477
[  186173ms] [ERROR] WebSocket connection to 'wss://example.supabase.co/realtime/v1/websocket?apikey=dummy&vsn=2.0.0' failed: Error in connection establishment: net::ERR_NAME_NOT_RESOLVED @ http://localhost:3123/_next/static/chunks/node_modules_097we~m._.js:8551
[  187086ms] [INFO] %cDownload the React DevTools for a better development experience: https://react.dev/link/react-devtools font-weight:bold @ http://localhost:3123/_next/static/chunks/node_modules_next_dist_115brz8._.js:2477
[  187131ms] [LOG] [HMR] connected @ http://localhost:3123/_next/static/chunks/node_modules_next_dist_115brz8._.js:2477
[  187376ms] [ERROR] WebSocket connection to 'wss://example.supabase.co/realtime/v1/websocket?apikey=dummy&vsn=2.0.0' failed: Error in connection establishment: net::ERR_NAME_NOT_RESOLVED @ http://localhost:3123/_next/static/chunks/node_modules_097we~m._.js:8551
[  187788ms] [INFO] %cDownload the React DevTools for a better development experience: https://react.dev/link/react-devtools font-weight:bold @ http://localhost:3123/_next/static/chunks/node_modules_next_dist_115brz8._.js:2477
[  187941ms] [LOG] [HMR] connected @ http://localhost:3123/_next/static/chunks/node_modules_next_dist_115brz8._.js:2477
[  188127ms] [ERROR] WebSocket connection to 'wss://example.supabase.co/realtime/v1/websocket?apikey=dummy&vsn=2.0.0' failed: Error in connection establishment: net::ERR_NAME_NOT_RESOLVED @ http://localhost:3123/_next/static/chunks/node_modules_097we~m._.js:8551
[  188949ms] [INFO] %cDownload the React DevTools for a better development experience: https://react.dev/link/react-devtools font-weight:bold @ http://localhost:3123/_next/static/chunks/node_modules_next_dist_115brz8._.js:2477
[  189020ms] [LOG] [HMR] connected @ http://localhost:3123/_next/static/chunks/node_modules_next_dist_115brz8._.js:2477
[  189185ms] [ERROR] WebSocket connection to 'wss://example.supabase.co/realtime/v1/websocket?apikey=dummy&vsn=2.0.0' failed: Error in connection establishment: net::ERR_NAME_NOT_RESOLVED @ http://localhost:3123/_next/static/chunks/node_modules_097we~m._.js:8551
[  189703ms] [ERROR] Failed to load resource: the server responded with a status of 500 (Internal Server Error) @ http://localhost:3123/dev-conversas:0
[  190081ms] [INFO] %cDownload the React DevTools for a better development experience: https://react.dev/link/react-devtools font-weight:bold @ http://localhost:3123/_next/static/chunks/node_modules_next_dist_115brz8._.js:2477
[  190113ms] [LOG] [HMR] connected @ http://localhost:3123/_next/static/chunks/node_modules_next_dist_115brz8._.js:2477
[  190334ms] [ERROR] WebSocket connection to 'wss://example.supabase.co/realtime/v1/websocket?apikey=dummy&vsn=2.0.0' failed: Error in connection establishment: net::ERR_NAME_NOT_RESOLVED @ http://localhost:3123/_next/static/chunks/node_modules_097we~m._.js:8551
[  190796ms] [INFO] %cDownload the React DevTools for a better development experience: https://react.dev/link/react-devtools font-weight:bold @ http://localhost:3123/_next/static/chunks/node_modules_next_dist_115brz8._.js:2477
[  190817ms] [LOG] [HMR] connected @ http://localhost:3123/_next/static/chunks/node_modules_next_dist_115brz8._.js:2477
[  191461ms] [INFO] %cDownload the React DevTools for a better development experience: https://react.dev/link/react-devtools font-weight:bold @ http://localhost:3123/_next/static/chunks/node_modules_next_dist_115brz8._.js:2477
[  191497ms] [LOG] [HMR] connected @ http://localhost:3123/_next/static/chunks/node_modules_next_dist_115brz8._.js:2477
[  191750ms] [ERROR] WebSocket connection to 'wss://example.supabase.co/realtime/v1/websocket?apikey=dummy&vsn=2.0.0' failed: Error in connection establishment: net::ERR_NAME_NOT_RESOLVED @ http://localhost:3123/_next/static/chunks/node_modules_097we~m._.js:8551
[  192524ms] [ERROR] Failed to load resource: the server responded with a status of 500 (Internal Server Error) @ http://localhost:3123/dev-conversas:0
[  192961ms] [INFO] %cDownload the React DevTools for a better development experience: https://react.dev/link/react-devtools font-weight:bold @ http://localhost:3123/_next/static/chunks/node_modules_next_dist_115brz8._.js:2477
[  193071ms] [LOG] [HMR] connected @ http://localhost:3123/_next/static/chunks/node_modules_next_dist_115brz8._.js:2477
[  193280ms] [ERROR] WebSocket connection to 'wss://example.supabase.co/realtime/v1/websocket?apikey=dummy&vsn=2.0.0' failed: Error in connection establishment: net::ERR_NAME_NOT_RESOLVED @ http://localhost:3123/_next/static/chunks/node_modules_097we~m._.js:8551
[  193570ms] [INFO] %cDownload the React DevTools for a better development experience: https://react.dev/link/react-devtools font-weight:bold @ http://localhost:3123/_next/static/chunks/node_modules_next_dist_115brz8._.js:2477
[  193658ms] [LOG] [HMR] connected @ http://localhost:3123/_next/static/chunks/node_modules_next_dist_115brz8._.js:2477
[  193860ms] [ERROR] WebSocket connection to 'wss://example.supabase.co/realtime/v1/websocket?apikey=dummy&vsn=2.0.0' failed: Error in connection establishment: net::ERR_NAME_NOT_RESOLVED @ http://localhost:3123/_next/static/chunks/node_modules_097we~m._.js:8551
[  194476ms] [ERROR] Failed to load resource: the server responded with a status of 500 (Internal Server Error) @ http://localhost:3123/dev-conversas:0
[  195497ms] [INFO] %cDownload the React DevTools for a better development experience: https://react.dev/link/react-devtools font-weight:bold @ http://localhost:3123/_next/static/chunks/node_modules_next_dist_115brz8._.js:2477
[  195963ms] [LOG] [HMR] connected @ http://localhost:3123/_next/static/chunks/node_modules_next_dist_115brz8._.js:2477
[  196174ms] [ERROR] WebSocket connection to 'wss://example.supabase.co/realtime/v1/websocket?apikey=dummy&vsn=2.0.0' failed: Error in connection establishment: net::ERR_NAME_NOT_RESOLVED @ http://localhost:3123/_next/static/chunks/node_modules_097we~m._.js:8551
[  196642ms] [ERROR] Failed to load resource: the server responded with a status of 500 (Internal Server Error) @ http://localhost:3123/dev-conversas:0
[  197341ms] [INFO] %cDownload the React DevTools for a better development experience: https://react.dev/link/react-devtools font-weight:bold @ http://localhost:3123/_next/static/chunks/node_modules_next_dist_115brz8._.js:2477
[  197494ms] [LOG] [HMR] connected @ http://localhost:3123/_next/static/chunks/node_modules_next_dist_115brz8._.js:2477
[  197690ms] [ERROR] WebSocket connection to 'wss://example.supabase.co/realtime/v1/websocket?apikey=dummy&vsn=2.0.0' failed: Error in connection establishment: net::ERR_NAME_NOT_RESOLVED @ http://localhost:3123/_next/static/chunks/node_modules_097we~m._.js:8551
[  198535ms] [ERROR] Failed to load resource: the server responded with a status of 500 (Internal Server Error) @ http://localhost:3123/dev-conversas:0
[  198913ms] [INFO] %cDownload the React DevTools for a better development experience: https://react.dev/link/react-devtools font-weight:bold @ http://localhost:3123/_next/static/chunks/node_modules_next_dist_115brz8._.js:2477
[  199065ms] [LOG] [HMR] connected @ http://localhost:3123/_next/static/chunks/node_modules_next_dist_115brz8._.js:2477
[  199447ms] [INFO] %cDownload the React DevTools for a better development experience: https://react.dev/link/react-devtools font-weight:bold @ http://localhost:3123/_next/static/chunks/node_modules_next_dist_115brz8._.js:2477
[  199465ms] [LOG] [HMR] connected @ http://localhost:3123/_next/static/chunks/node_modules_next_dist_115brz8._.js:2477
[  199857ms] [ERROR] WebSocket connection to 'wss://example.supabase.co/realtime/v1/websocket?apikey=dummy&vsn=2.0.0' failed: Error in connection establishment: net::ERR_NAME_NOT_RESOLVED @ http://localhost:3123/_next/static/chunks/node_modules_097we~m._.js:8551
[  200556ms] [ERROR] Failed to load resource: the server responded with a status of 500 (Internal Server Error) @ http://localhost:3123/dev-conversas:0
[  200737ms] [INFO] %cDownload the React DevTools for a better development experience: https://react.dev/link/react-devtools font-weight:bold @ http://localhost:3123/_next/static/chunks/node_modules_next_dist_115brz8._.js:2477
[  200760ms] [LOG] [HMR] connected @ http://localhost:3123/_next/static/chunks/node_modules_next_dist_115brz8._.js:2477
[  200993ms] [ERROR] WebSocket connection to 'wss://example.supabase.co/realtime/v1/websocket?apikey=dummy&vsn=2.0.0' failed: Error in connection establishment: net::ERR_NAME_NOT_RESOLVED @ http://localhost:3123/_next/static/chunks/node_modules_097we~m._.js:8551
[  201733ms] [ERROR] Failed to load resource: the server responded with a status of 500 (Internal Server Error) @ http://localhost:3123/dev-conversas:0
[  202205ms] [INFO] %cDownload the React DevTools for a better development experience: https://react.dev/link/react-devtools font-weight:bold @ http://localhost:3123/_next/static/chunks/node_modules_next_dist_115brz8._.js:2477
[  202245ms] [LOG] [HMR] connected @ http://localhost:3123/_next/static/chunks/node_modules_next_dist_115brz8._.js:2477
[  202509ms] [ERROR] WebSocket connection to 'wss://example.supabase.co/realtime/v1/websocket?apikey=dummy&vsn=2.0.0' failed: Error in connection establishment: net::ERR_NAME_NOT_RESOLVED @ http://localhost:3123/_next/static/chunks/node_modules_097we~m._.js:8551
[  203282ms] [INFO] %cDownload the React DevTools for a better development experience: https://react.dev/link/react-devtools font-weight:bold @ http://localhost:3123/_next/static/chunks/node_modules_next_dist_115brz8._.js:2477
[  203335ms] [LOG] [HMR] connected @ http://localhost:3123/_next/static/chunks/node_modules_next_dist_115brz8._.js:2477
[  203610ms] [ERROR] WebSocket connection to 'wss://example.supabase.co/realtime/v1/websocket?apikey=dummy&vsn=2.0.0' failed: Error in connection establishment: net::ERR_NAME_NOT_RESOLVED @ http://localhost:3123/_next/static/chunks/node_modules_097we~m._.js:8551
[  203837ms] [INFO] %cDownload the React DevTools for a better development experience: https://react.dev/link/react-devtools font-weight:bold @ http://localhost:3123/_next/static/chunks/node_modules_next_dist_115brz8._.js:2477
[  203967ms] [LOG] [HMR] connected @ http://localhost:3123/_next/static/chunks/node_modules_next_dist_115brz8._.js:2477
[  204196ms] [ERROR] WebSocket connection to 'wss://example.supabase.co/realtime/v1/websocket?apikey=dummy&vsn=2.0.0' failed: Error in connection establishment: net::ERR_NAME_NOT_RESOLVED @ http://localhost:3123/_next/static/chunks/node_modules_097we~m._.js:8551
[  205317ms] [ERROR] WebSocket connection to 'wss://example.supabase.co/realtime/v1/websocket?apikey=dummy&vsn=2.0.0' failed: Error in connection establishment: net::ERR_NAME_NOT_RESOLVED @ http://localhost:3123/_next/static/chunks/node_modules_097we~m._.js:8551
[  205322ms] [ERROR] Failed to load resource: the server responded with a status of 500 (Internal Server Error) @ http://localhost:3123/dev-conversas:0
[  206071ms] [INFO] %cDownload the React DevTools for a better development experience: https://react.dev/link/react-devtools font-weight:bold @ http://localhost:3123/_next/static/chunks/node_modules_next_dist_115brz8._.js:2477
[  206174ms] [LOG] [HMR] connected @ http://localhost:3123/_next/static/chunks/node_modules_next_dist_115brz8._.js:2477
[  206430ms] [ERROR] WebSocket connection to 'wss://example.supabase.co/realtime/v1/websocket?apikey=dummy&vsn=2.0.0' failed: Error in connection establishment: net::ERR_NAME_NOT_RESOLVED @ http://localhost:3123/_next/static/chunks/node_modules_097we~m._.js:8551
[  206858ms] [INFO] %cDownload the React DevTools for a better development experience: https://react.dev/link/react-devtools font-weight:bold @ http://localhost:3123/_next/static/chunks/node_modules_next_dist_115brz8._.js:2477
[  207030ms] [LOG] [HMR] connected @ http://localhost:3123/_next/static/chunks/node_modules_next_dist_115brz8._.js:2477
[  207356ms] [ERROR] WebSocket connection to 'wss://example.supabase.co/realtime/v1/websocket?apikey=dummy&vsn=2.0.0' failed: Error in connection establishment: net::ERR_NAME_NOT_RESOLVED @ http://localhost:3123/_next/static/chunks/node_modules_097we~m._.js:8551
[  208420ms] [ERROR] Failed to load resource: the server responded with a status of 500 (Internal Server Error) @ http://localhost:3123/dev-conversas:0
[  208483ms] [ERROR] WebSocket connection to 'wss://example.supabase.co/realtime/v1/websocket?apikey=dummy&vsn=2.0.0' failed: Error in connection establishment: net::ERR_NAME_NOT_RESOLVED @ http://localhost:3123/_next/static/chunks/node_modules_097we~m._.js:8551
[  208658ms] [LOG] [HMR] connected @ http://localhost:3123/_next/static/chunks/node_modules_next_dist_115brz8._.js:2477
[  211152ms] [INFO] %cDownload the React DevTools for a better development experience: https://react.dev/link/react-devtools font-weight:bold @ http://localhost:3123/_next/static/chunks/node_modules_next_dist_115brz8._.js:2477
[  211325ms] [LOG] [HMR] connected @ http://localhost:3123/_next/static/chunks/node_modules_next_dist_115brz8._.js:2477
[  211555ms] [ERROR] WebSocket connection to 'wss://example.supabase.co/realtime/v1/websocket?apikey=dummy&vsn=2.0.0' failed: Error in connection establishment: net::ERR_NAME_NOT_RESOLVED @ http://localhost:3123/_next/static/chunks/node_modules_097we~m._.js:8551
[  212367ms] [ERROR] Failed to load resource: the server responded with a status of 500 (Internal Server Error) @ http://localhost:3123/dev-conversas:0
[  213424ms] [INFO] %cDownload the React DevTools for a better development experience: https://react.dev/link/react-devtools font-weight:bold @ http://localhost:3123/_next/static/chunks/node_modules_next_dist_115brz8._.js:2477
[  213641ms] [LOG] [HMR] connected @ http://localhost:3123/_next/static/chunks/node_modules_next_dist_115brz8._.js:2477
[  213889ms] [ERROR] WebSocket connection to 'wss://example.supabase.co/realtime/v1/websocket?apikey=dummy&vsn=2.0.0' failed: Error in connection establishment: net::ERR_NAME_NOT_RESOLVED @ http://localhost:3123/_next/static/chunks/node_modules_097we~m._.js:8551
[  214526ms] [ERROR] Failed to load resource: the server responded with a status of 500 (Internal Server Error) @ http://localhost:3123/dev-conversas:0
[  216346ms] [INFO] %cDownload the React DevTools for a better development experience: https://react.dev/link/react-devtools font-weight:bold @ http://localhost:3123/_next/static/chunks/node_modules_next_dist_115brz8._.js:2477
[  216385ms] [LOG] [HMR] connected @ http://localhost:3123/_next/static/chunks/node_modules_next_dist_115brz8._.js:2477
[  216608ms] [ERROR] WebSocket connection to 'wss://example.supabase.co/realtime/v1/websocket?apikey=dummy&vsn=2.0.0' failed: Error in connection establishment: net::ERR_NAME_NOT_RESOLVED @ http://localhost:3123/_next/static/chunks/node_modules_097we~m._.js:8551
[  217770ms] [ERROR] WebSocket connection to 'wss://example.supabase.co/realtime/v1/websocket?apikey=dummy&vsn=2.0.0' failed: Error in connection establishment: net::ERR_NAME_NOT_RESOLVED @ http://localhost:3123/_next/static/chunks/node_modules_097we~m._.js:8551
[  217876ms] [ERROR] Failed to load resource: the server responded with a status of 500 (Internal Server Error) @ http://localhost:3123/dev-conversas:0
[  217927ms] [LOG] [HMR] connected @ http://localhost:3123/_next/static/chunks/node_modules_next_dist_115brz8._.js:2477
[  218369ms] [INFO] %cDownload the React DevTools for a better development experience: https://react.dev/link/react-devtools font-weight:bold @ http://localhost:3123/_next/static/chunks/node_modules_next_dist_115brz8._.js:2477
[  218502ms] [LOG] [HMR] connected @ http://localhost:3123/_next/static/chunks/node_modules_next_dist_115brz8._.js:2477
[  218727ms] [ERROR] WebSocket connection to 'wss://example.supabase.co/realtime/v1/websocket?apikey=dummy&vsn=2.0.0' failed: Error in connection establishment: net::ERR_NAME_NOT_RESOLVED @ http://localhost:3123/_next/static/chunks/node_modules_097we~m._.js:8551
[  219569ms] [ERROR] Failed to load resource: the server responded with a status of 500 (Internal Server Error) @ http://localhost:3123/dev-conversas:0
[  220929ms] [INFO] %cDownload the React DevTools for a better development experience: https://react.dev/link/react-devtools font-weight:bold @ http://localhost:3123/_next/static/chunks/node_modules_next_dist_115brz8._.js:2477
[  221137ms] [LOG] [HMR] connected @ http://localhost:3123/_next/static/chunks/node_modules_next_dist_115brz8._.js:2477
[  221724ms] [ERROR] WebSocket connection to 'wss://example.supabase.co/realtime/v1/websocket?apikey=dummy&vsn=2.0.0' failed: Error in connection establishment: net::ERR_NAME_NOT_RESOLVED @ http://localhost:3123/_next/static/chunks/node_modules_097we~m._.js:8551
[  223068ms] [INFO] %cDownload the React DevTools for a better development experience: https://react.dev/link/react-devtools font-weight:bold @ http://localhost:3123/_next/static/chunks/node_modules_next_dist_115brz8._.js:2477
[  223167ms] [LOG] [HMR] connected @ http://localhost:3123/_next/static/chunks/node_modules_next_dist_115brz8._.js:2477
[  223379ms] [ERROR] WebSocket connection to 'wss://example.supabase.co/realtime/v1/websocket?apikey=dummy&vsn=2.0.0' failed: Error in connection establishment: net::ERR_NAME_NOT_RESOLVED @ http://localhost:3123/_next/static/chunks/node_modules_097we~m._.js:8551
[  224470ms] [INFO] %cDownload the React DevTools for a better development experience: https://react.dev/link/react-devtools font-weight:bold @ http://localhost:3123/_next/static/chunks/node_modules_next_dist_115brz8._.js:2477
[  224538ms] [LOG] [HMR] connected @ http://localhost:3123/_next/static/chunks/node_modules_next_dist_115brz8._.js:2477
[  225259ms] [INFO] %cDownload the React DevTools for a better development experience: https://react.dev/link/react-devtools font-weight:bold @ http://localhost:3123/_next/static/chunks/node_modules_next_dist_115brz8._.js:2477
[  225498ms] [LOG] [HMR] connected @ http://localhost:3123/_next/static/chunks/node_modules_next_dist_115brz8._.js:2477
[  225738ms] [ERROR] WebSocket connection to 'wss://example.supabase.co/realtime/v1/websocket?apikey=dummy&vsn=2.0.0' failed: Error in connection establishment: net::ERR_NAME_NOT_RESOLVED @ http://localhost:3123/_next/static/chunks/node_modules_097we~m._.js:8551
[  226803ms] [INFO] %cDownload the React DevTools for a better development experience: https://react.dev/link/react-devtools font-weight:bold @ http://localhost:3123/_next/static/chunks/node_modules_next_dist_115brz8._.js:2477
[  226922ms] [LOG] [HMR] connected @ http://localhost:3123/_next/static/chunks/node_modules_next_dist_115brz8._.js:2477
[  227128ms] [ERROR] WebSocket connection to 'wss://example.supabase.co/realtime/v1/websocket?apikey=dummy&vsn=2.0.0' failed: Error in connection establishment: net::ERR_NAME_NOT_RESOLVED @ http://localhost:3123/_next/static/chunks/node_modules_097we~m._.js:8551
[  228393ms] [INFO] %cDownload the React DevTools for a better development experience: https://react.dev/link/react-devtools font-weight:bold @ http://localhost:3123/_next/static/chunks/node_modules_next_dist_115brz8._.js:2477
[  228492ms] [LOG] [HMR] connected @ http://localhost:3123/_next/static/chunks/node_modules_next_dist_115brz8._.js:2477
[  229743ms] [INFO] %cDownload the React DevTools for a better development experience: https://react.dev/link/react-devtools font-weight:bold @ http://localhost:3123/_next/static/chunks/node_modules_next_dist_115brz8._.js:2477
[  230018ms] [LOG] [HMR] connected @ http://localhost:3123/_next/static/chunks/node_modules_next_dist_115brz8._.js:2477
[  230188ms] [ERROR] WebSocket connection to 'wss://example.supabase.co/realtime/v1/websocket?apikey=dummy&vsn=2.0.0' failed: Error in connection establishment: net::ERR_NAME_NOT_RESOLVED @ http://localhost:3123/_next/static/chunks/node_modules_097we~m._.js:8551
[  231021ms] [ERROR] Failed to load resource: the server responded with a status of 500 (Internal Server Error) @ http://localhost:3123/dev-conversas:0
[  231295ms] [ERROR] WebSocket connection to 'wss://example.supabase.co/realtime/v1/websocket?apikey=dummy&vsn=2.0.0' failed: Error in connection establishment: net::ERR_NAME_NOT_RESOLVED @ http://localhost:3123/_next/static/chunks/node_modules_097we~m._.js:8551
[  231430ms] [LOG] [HMR] connected @ http://localhost:3123/_next/static/chunks/node_modules_next_dist_115brz8._.js:2477
[  232455ms] [INFO] %cDownload the React DevTools for a better development experience: https://react.dev/link/react-devtools font-weight:bold @ http://localhost:3123/_next/static/chunks/node_modules_next_dist_115brz8._.js:2477
[  232597ms] [LOG] [HMR] connected @ http://localhost:3123/_next/static/chunks/node_modules_next_dist_115brz8._.js:2477
[  232802ms] [ERROR] WebSocket connection to 'wss://example.supabase.co/realtime/v1/websocket?apikey=dummy&vsn=2.0.0' failed: Error in connection establishment: net::ERR_NAME_NOT_RESOLVED @ http://localhost:3123/_next/static/chunks/node_modules_097we~m._.js:8551
[  233894ms] [ERROR] WebSocket connection to 'wss://example.supabase.co/realtime/v1/websocket?apikey=dummy&vsn=2.0.0' failed: Error in connection establishment: net::ERR_NAME_NOT_RESOLVED @ http://localhost:3123/_next/static/chunks/node_modules_097we~m._.js:8551
[  234197ms] [ERROR] Failed to load resource: the server responded with a status of 500 (Internal Server Error) @ http://localhost:3123/dev-conversas:0
[  235668ms] [INFO] %cDownload the React DevTools for a better development experience: https://react.dev/link/react-devtools font-weight:bold @ http://localhost:3123/_next/static/chunks/node_modules_next_dist_115brz8._.js:2477
[  235714ms] [LOG] [HMR] connected @ http://localhost:3123/_next/static/chunks/node_modules_next_dist_115brz8._.js:2477
[  235963ms] [ERROR] WebSocket connection to 'wss://example.supabase.co/realtime/v1/websocket?apikey=dummy&vsn=2.0.0' failed: Error in connection establishment: net::ERR_NAME_NOT_RESOLVED @ http://localhost:3123/_next/static/chunks/node_modules_097we~m._.js:8551
[  237010ms] [INFO] %cDownload the React DevTools for a better development experience: https://react.dev/link/react-devtools font-weight:bold @ http://localhost:3123/_next/static/chunks/node_modules_next_dist_115brz8._.js:2477
[  237062ms] [LOG] [HMR] connected @ http://localhost:3123/_next/static/chunks/node_modules_next_dist_115brz8._.js:2477
[  237312ms] [ERROR] WebSocket connection to 'wss://example.supabase.co/realtime/v1/websocket?apikey=dummy&vsn=2.0.0' failed: Error in connection establishment: net::ERR_NAME_NOT_RESOLVED @ http://localhost:3123/_next/static/chunks/node_modules_097we~m._.js:8551
[  237561ms] [INFO] %cDownload the React DevTools for a better development experience: https://react.dev/link/react-devtools font-weight:bold @ http://localhost:3123/_next/static/chunks/node_modules_next_dist_115brz8._.js:2477
[  237581ms] [LOG] [HMR] connected @ http://localhost:3123/_next/static/chunks/node_modules_next_dist_115brz8._.js:2477
[  237826ms] [ERROR] WebSocket connection to 'wss://example.supabase.co/realtime/v1/websocket?apikey=dummy&vsn=2.0.0' failed: Error in connection establishment: net::ERR_NAME_NOT_RESOLVED @ http://localhost:3123/_next/static/chunks/node_modules_097we~m._.js:8551
[  239050ms] [INFO] %cDownload the React DevTools for a better development experience: https://react.dev/link/react-devtools font-weight:bold @ http://localhost:3123/_next/static/chunks/node_modules_next_dist_115brz8._.js:2477
[  239180ms] [LOG] [HMR] connected @ http://localhost:3123/_next/static/chunks/node_modules_next_dist_115brz8._.js:2477
[  239452ms] [ERROR] WebSocket connection to 'wss://example.supabase.co/realtime/v1/websocket?apikey=dummy&vsn=2.0.0' failed: Error in connection establishment: net::ERR_NAME_NOT_RESOLVED @ http://localhost:3123/_next/static/chunks/node_modules_097we~m._.js:8551
[  240674ms] [INFO] %cDownload the React DevTools for a better development experience: https://react.dev/link/react-devtools font-weight:bold @ http://localhost:3123/_next/static/chunks/node_modules_next_dist_115brz8._.js:2477
[  240797ms] [LOG] [HMR] connected @ http://localhost:3123/_next/static/chunks/node_modules_next_dist_115brz8._.js:2477
[  241018ms] [ERROR] WebSocket connection to 'wss://example.supabase.co/realtime/v1/websocket?apikey=dummy&vsn=2.0.0' failed: Error in connection establishment: net::ERR_NAME_NOT_RESOLVED @ http://localhost:3123/_next/static/chunks/node_modules_097we~m._.js:8551
[  242113ms] [ERROR] Failed to load resource: the server responded with a status of 500 (Internal Server Error) @ http://localhost:3123/dev-conversas:0
[  242114ms] [ERROR] WebSocket connection to 'wss://example.supabase.co/realtime/v1/websocket?apikey=dummy&vsn=2.0.0' failed: Error in connection establishment: net::ERR_NAME_NOT_RESOLVED @ http://localhost:3123/_next/static/chunks/node_modules_097we~m._.js:8551
[  242252ms] [LOG] [HMR] connected @ http://localhost:3123/_next/static/chunks/node_modules_next_dist_115brz8._.js:2477
[  242718ms] [INFO] %cDownload the React DevTools for a better development experience: https://react.dev/link/react-devtools font-weight:bold @ http://localhost:3123/_next/static/chunks/node_modules_next_dist_115brz8._.js:2477
[  242757ms] [LOG] [HMR] connected @ http://localhost:3123/_next/static/chunks/node_modules_next_dist_115brz8._.js:2477
[  243018ms] [ERROR] WebSocket connection to 'wss://example.supabase.co/realtime/v1/websocket?apikey=dummy&vsn=2.0.0' failed: Error in connection establishment: net::ERR_NAME_NOT_RESOLVED @ http://localhost:3123/_next/static/chunks/node_modules_097we~m._.js:8551
[  243643ms] [ERROR] Failed to load resource: the server responded with a status of 500 (Internal Server Error) @ http://localhost:3123/dev-conversas:0
[  244218ms] [ERROR] WebSocket connection to 'wss://example.supabase.co/realtime/v1/websocket?apikey=dummy&vsn=2.0.0' failed: Error in connection establishment: net::ERR_NAME_NOT_RESOLVED @ http://localhost:3123/_next/static/chunks/node_modules_097we~m._.js:8551
[  244610ms] [LOG] [HMR] connected @ http://localhost:3123/_next/static/chunks/node_modules_next_dist_115brz8._.js:2477
[  245008ms] [INFO] %cDownload the React DevTools for a better development experience: https://react.dev/link/react-devtools font-weight:bold @ http://localhost:3123/_next/static/chunks/node_modules_next_dist_115brz8._.js:2477
[  245225ms] [LOG] [HMR] connected @ http://localhost:3123/_next/static/chunks/node_modules_next_dist_115brz8._.js:2477
[  245492ms] [ERROR] WebSocket connection to 'wss://example.supabase.co/realtime/v1/websocket?apikey=dummy&vsn=2.0.0' failed: Error in connection establishment: net::ERR_NAME_NOT_RESOLVED @ http://localhost:3123/_next/static/chunks/node_modules_097we~m._.js:8551
[  246399ms] [ERROR] Failed to load resource: the server responded with a status of 500 (Internal Server Error) @ http://localhost:3123/dev-conversas:0
[  246584ms] [ERROR] WebSocket connection to 'wss://example.supabase.co/realtime/v1/websocket?apikey=dummy&vsn=2.0.0' failed: Error in connection establishment: net::ERR_NAME_NOT_RESOLVED @ http://localhost:3123/_next/static/chunks/node_modules_097we~m._.js:8551
[  247178ms] [ERROR] Failed to load resource: the server responded with a status of 500 (Internal Server Error) @ http://localhost:3123/dev-conversas:0
[  247211ms] [LOG] [HMR] connected @ http://localhost:3123/_next/static/chunks/node_modules_next_dist_115brz8._.js:2477
[  247455ms] [INFO] %cDownload the React DevTools for a better development experience: https://react.dev/link/react-devtools font-weight:bold @ http://localhost:3123/_next/static/chunks/node_modules_next_dist_115brz8._.js:2477
[  247673ms] [LOG] [HMR] connected @ http://localhost:3123/_next/static/chunks/node_modules_next_dist_115brz8._.js:2477
[  248022ms] [ERROR] WebSocket connection to 'wss://example.supabase.co/realtime/v1/websocket?apikey=dummy&vsn=2.0.0' failed: Error in connection establishment: net::ERR_NAME_NOT_RESOLVED @ http://localhost:3123/_next/static/chunks/node_modules_097we~m._.js:8551
[  248882ms] [ERROR] Failed to load resource: the server responded with a status of 500 (Internal Server Error) @ http://localhost:3123/dev-conversas:0
[  250042ms] [INFO] %cDownload the React DevTools for a better development experience: https://react.dev/link/react-devtools font-weight:bold @ http://localhost:3123/_next/static/chunks/node_modules_next_dist_115brz8._.js:2477
[  250132ms] [LOG] [HMR] connected @ http://localhost:3123/_next/static/chunks/node_modules_next_dist_115brz8._.js:2477
[  250326ms] [ERROR] WebSocket connection to 'wss://example.supabase.co/realtime/v1/websocket?apikey=dummy&vsn=2.0.0' failed: Error in connection establishment: net::ERR_NAME_NOT_RESOLVED @ http://localhost:3123/_next/static/chunks/node_modules_097we~m._.js:8551
[  250890ms] [ERROR] Failed to load resource: the server responded with a status of 500 (Internal Server Error) @ http://localhost:3123/dev-conversas:0
[  251407ms] [INFO] %cDownload the React DevTools for a better development experience: https://react.dev/link/react-devtools font-weight:bold @ http://localhost:3123/_next/static/chunks/node_modules_next_dist_115brz8._.js:2477
[  251500ms] [LOG] [HMR] connected @ http://localhost:3123/_next/static/chunks/node_modules_next_dist_115brz8._.js:2477
[  251762ms] [ERROR] WebSocket connection to 'wss://example.supabase.co/realtime/v1/websocket?apikey=dummy&vsn=2.0.0' failed: Error in connection establishment: net::ERR_NAME_NOT_RESOLVED @ http://localhost:3123/_next/static/chunks/node_modules_097we~m._.js:8551
[  252680ms] [INFO] %cDownload the React DevTools for a better development experience: https://react.dev/link/react-devtools font-weight:bold @ http://localhost:3123/_next/static/chunks/node_modules_next_dist_115brz8._.js:2477
[  252806ms] [LOG] [HMR] connected @ http://localhost:3123/_next/static/chunks/node_modules_next_dist_115brz8._.js:2477
[  253094ms] [ERROR] WebSocket connection to 'wss://example.supabase.co/realtime/v1/websocket?apikey=dummy&vsn=2.0.0' failed: Error in connection establishment: net::ERR_NAME_NOT_RESOLVED @ http://localhost:3123/_next/static/chunks/node_modules_097we~m._.js:8551
[  253829ms] [ERROR] Failed to load resource: the server responded with a status of 500 (Internal Server Error) @ http://localhost:3123/dev-conversas:0
[  254366ms] [INFO] %cDownload the React DevTools for a better development experience: https://react.dev/link/react-devtools font-weight:bold @ http://localhost:3123/_next/static/chunks/node_modules_next_dist_115brz8._.js:2477
[  254465ms] [LOG] [HMR] connected @ http://localhost:3123/_next/static/chunks/node_modules_next_dist_115brz8._.js:2477
[  255198ms] [INFO] %cDownload the React DevTools for a better development experience: https://react.dev/link/react-devtools font-weight:bold @ http://localhost:3123/_next/static/chunks/node_modules_next_dist_115brz8._.js:2477
[  255287ms] [LOG] [HMR] connected @ http://localhost:3123/_next/static/chunks/node_modules_next_dist_115brz8._.js:2477
[  255465ms] [ERROR] WebSocket connection to 'wss://example.supabase.co/realtime/v1/websocket?apikey=dummy&vsn=2.0.0' failed: Error in connection establishment: net::ERR_NAME_NOT_RESOLVED @ http://localhost:3123/_next/static/chunks/node_modules_097we~m._.js:8551
[  256962ms] [INFO] %cDownload the React DevTools for a better development experience: https://react.dev/link/react-devtools font-weight:bold @ http://localhost:3123/_next/static/chunks/node_modules_next_dist_115brz8._.js:2477
[  257108ms] [LOG] [HMR] connected @ http://localhost:3123/_next/static/chunks/node_modules_next_dist_115brz8._.js:2477
[  257295ms] [ERROR] WebSocket connection to 'wss://example.supabase.co/realtime/v1/websocket?apikey=dummy&vsn=2.0.0' failed: Error in connection establishment: net::ERR_NAME_NOT_RESOLVED @ http://localhost:3123/_next/static/chunks/node_modules_097we~m._.js:8551
[  257945ms] [ERROR] Failed to load resource: the server responded with a status of 500 (Internal Server Error) @ http://localhost:3123/dev-conversas:0
[  259277ms] [INFO] %cDownload the React DevTools for a better development experience: https://react.dev/link/react-devtools font-weight:bold @ http://localhost:3123/_next/static/chunks/node_modules_next_dist_115brz8._.js:2477
[  259365ms] [LOG] [HMR] connected @ http://localhost:3123/_next/static/chunks/node_modules_next_dist_115brz8._.js:2477
[  259660ms] [ERROR] WebSocket connection to 'wss://example.supabase.co/realtime/v1/websocket?apikey=dummy&vsn=2.0.0' failed: Error in connection establishment: net::ERR_NAME_NOT_RESOLVED @ http://localhost:3123/_next/static/chunks/node_modules_097we~m._.js:8551
[  260467ms] [ERROR] Failed to load resource: the server responded with a status of 500 (Internal Server Error) @ http://localhost:3123/dev-conversas:0
[  260750ms] [ERROR] WebSocket connection to 'wss://example.supabase.co/realtime/v1/websocket?apikey=dummy&vsn=2.0.0' failed: Error in connection establishment: net::ERR_NAME_NOT_RESOLVED @ http://localhost:3123/_next/static/chunks/node_modules_097we~m._.js:8551
[  261029ms] [INFO] %cDownload the React DevTools for a better development experience: https://react.dev/link/react-devtools font-weight:bold @ http://localhost:3123/_next/static/chunks/node_modules_next_dist_115brz8._.js:2477
[  261198ms] [LOG] [HMR] connected @ http://localhost:3123/_next/static/chunks/node_modules_next_dist_115brz8._.js:2477
[  261489ms] [ERROR] WebSocket connection to 'wss://example.supabase.co/realtime/v1/websocket?apikey=dummy&vsn=2.0.0' failed: Error in connection establishment: net::ERR_NAME_NOT_RESOLVED @ http://localhost:3123/_next/static/chunks/node_modules_097we~m._.js:8551
[  262617ms] [ERROR] Failed to load resource: the server responded with a status of 500 (Internal Server Error) @ http://localhost:3123/dev-conversas:0
[  263348ms] [INFO] %cDownload the React DevTools for a better development experience: https://react.dev/link/react-devtools font-weight:bold @ http://localhost:3123/_next/static/chunks/node_modules_next_dist_115brz8._.js:2477
[  263394ms] [LOG] [HMR] connected @ http://localhost:3123/_next/static/chunks/node_modules_next_dist_115brz8._.js:2477
[  263573ms] [ERROR] WebSocket connection to 'wss://example.supabase.co/realtime/v1/websocket?apikey=dummy&vsn=2.0.0' failed: Error in connection establishment: net::ERR_NAME_NOT_RESOLVED @ http://localhost:3123/_next/static/chunks/node_modules_097we~m._.js:8551
[  264446ms] [ERROR] Failed to load resource: the server responded with a status of 500 (Internal Server Error) @ http://localhost:3123/dev-conversas:0
[  264711ms] [ERROR] WebSocket connection to 'wss://example.supabase.co/realtime/v1/websocket?apikey=dummy&vsn=2.0.0' failed: Error in connection establishment: net::ERR_NAME_NOT_RESOLVED @ http://localhost:3123/_next/static/chunks/node_modules_097we~m._.js:8551
[  265719ms] [INFO] %cDownload the React DevTools for a better development experience: https://react.dev/link/react-devtools font-weight:bold @ http://localhost:3123/_next/static/chunks/node_modules_next_dist_115brz8._.js:2477
[  265859ms] [LOG] [HMR] connected @ http://localhost:3123/_next/static/chunks/node_modules_next_dist_115brz8._.js:2477
[  266068ms] [ERROR] WebSocket connection to 'wss://example.supabase.co/realtime/v1/websocket?apikey=dummy&vsn=2.0.0' failed: Error in connection establishment: net::ERR_NAME_NOT_RESOLVED @ http://localhost:3123/_next/static/chunks/node_modules_097we~m._.js:8551
[  266591ms] [ERROR] Failed to load resource: the server responded with a status of 500 (Internal Server Error) @ http://localhost:3123/dev-conversas:0
[  266952ms] [INFO] %cDownload the React DevTools for a better development experience: https://react.dev/link/react-devtools font-weight:bold @ http://localhost:3123/_next/static/chunks/node_modules_next_dist_115brz8._.js:2477
[  267049ms] [LOG] [HMR] connected @ http://localhost:3123/_next/static/chunks/node_modules_next_dist_115brz8._.js:2477
[  267232ms] [ERROR] WebSocket connection to 'wss://example.supabase.co/realtime/v1/websocket?apikey=dummy&vsn=2.0.0' failed: Error in connection establishment: net::ERR_NAME_NOT_RESOLVED @ http://localhost:3123/_next/static/chunks/node_modules_097we~m._.js:8551
[  268307ms] [INFO] %cDownload the React DevTools for a better development experience: https://react.dev/link/react-devtools font-weight:bold @ http://localhost:3123/_next/static/chunks/node_modules_next_dist_115brz8._.js:2477
[  268366ms] [LOG] [HMR] connected @ http://localhost:3123/_next/static/chunks/node_modules_next_dist_115brz8._.js:2477
[  268688ms] [ERROR] WebSocket connection to 'wss://example.supabase.co/realtime/v1/websocket?apikey=dummy&vsn=2.0.0' failed: Error in connection establishment: net::ERR_NAME_NOT_RESOLVED @ http://localhost:3123/_next/static/chunks/node_modules_097we~m._.js:8551
[  268945ms] [INFO] %cDownload the React DevTools for a better development experience: https://react.dev/link/react-devtools font-weight:bold @ http://localhost:3123/_next/static/chunks/node_modules_next_dist_115brz8._.js:2477
[  269038ms] [LOG] [HMR] connected @ http://localhost:3123/_next/static/chunks/node_modules_next_dist_115brz8._.js:2477
[  269319ms] [ERROR] WebSocket connection to 'wss://example.supabase.co/realtime/v1/websocket?apikey=dummy&vsn=2.0.0' failed: Error in connection establishment: net::ERR_NAME_NOT_RESOLVED @ http://localhost:3123/_next/static/chunks/node_modules_097we~m._.js:8551
[  270190ms] [ERROR] Failed to load resource: the server responded with a status of 500 (Internal Server Error) @ http://localhost:3123/dev-conversas:0
[  270452ms] [INFO] %cDownload the React DevTools for a better development experience: https://react.dev/link/react-devtools font-weight:bold @ http://localhost:3123/_next/static/chunks/node_modules_next_dist_115brz8._.js:2477
[  270568ms] [LOG] [HMR] connected @ http://localhost:3123/_next/static/chunks/node_modules_next_dist_115brz8._.js:2477
[  270748ms] [ERROR] WebSocket connection to 'wss://example.supabase.co/realtime/v1/websocket?apikey=dummy&vsn=2.0.0' failed: Error in connection establishment: net::ERR_NAME_NOT_RESOLVED @ http://localhost:3123/_next/static/chunks/node_modules_097we~m._.js:8551
[  271350ms] [ERROR] Failed to load resource: the server responded with a status of 500 (Internal Server Error) @ http://localhost:3123/dev-conversas:0
[  271855ms] [ERROR] WebSocket connection to 'wss://example.supabase.co/realtime/v1/websocket?apikey=dummy&vsn=2.0.0' failed: Error in connection establishment: net::ERR_NAME_NOT_RESOLVED @ http://localhost:3123/_next/static/chunks/node_modules_097we~m._.js:8551
[  271867ms] [LOG] [HMR] connected @ http://localhost:3123/_next/static/chunks/node_modules_next_dist_115brz8._.js:2477
[  273013ms] [INFO] %cDownload the React DevTools for a better development experience: https://react.dev/link/react-devtools font-weight:bold @ http://localhost:3123/_next/static/chunks/node_modules_next_dist_115brz8._.js:2477
[  273039ms] [LOG] [HMR] connected @ http://localhost:3123/_next/static/chunks/node_modules_next_dist_115brz8._.js:2477
[  273316ms] [ERROR] WebSocket connection to 'wss://example.supabase.co/realtime/v1/websocket?apikey=dummy&vsn=2.0.0' failed: Error in connection establishment: net::ERR_NAME_NOT_RESOLVED @ http://localhost:3123/_next/static/chunks/node_modules_097we~m._.js:8551
[  274382ms] [INFO] %cDownload the React DevTools for a better development experience: https://react.dev/link/react-devtools font-weight:bold @ http://localhost:3123/_next/static/chunks/node_modules_next_dist_115brz8._.js:2477
[  274591ms] [LOG] [HMR] connected @ http://localhost:3123/_next/static/chunks/node_modules_next_dist_115brz8._.js:2477
[  274806ms] [ERROR] WebSocket connection to 'wss://example.supabase.co/realtime/v1/websocket?apikey=dummy&vsn=2.0.0' failed: Error in connection establishment: net::ERR_NAME_NOT_RESOLVED @ http://localhost:3123/_next/static/chunks/node_modules_097we~m._.js:8551
[  275897ms] [ERROR] WebSocket connection to 'wss://example.supabase.co/realtime/v1/websocket?apikey=dummy&vsn=2.0.0' failed: Error in connection establishment: net::ERR_NAME_NOT_RESOLVED @ http://localhost:3123/_next/static/chunks/node_modules_097we~m._.js:8551
[  276030ms] [ERROR] Failed to load resource: the server responded with a status of 500 (Internal Server Error) @ http://localhost:3123/dev-conversas:0
[  276476ms] [INFO] %cDownload the React DevTools for a better development experience: https://react.dev/link/react-devtools font-weight:bold @ http://localhost:3123/_next/static/chunks/node_modules_next_dist_115brz8._.js:2477
[  276560ms] [LOG] [HMR] connected @ http://localhost:3123/_next/static/chunks/node_modules_next_dist_115brz8._.js:2477
[  276744ms] [ERROR] WebSocket connection to 'wss://example.supabase.co/realtime/v1/websocket?apikey=dummy&vsn=2.0.0' failed: Error in connection establishment: net::ERR_NAME_NOT_RESOLVED @ http://localhost:3123/_next/static/chunks/node_modules_097we~m._.js:8551
[  277330ms] [ERROR] Failed to load resource: the server responded with a status of 500 (Internal Server Error) @ http://localhost:3123/dev-conversas:0
[  277709ms] [INFO] %cDownload the React DevTools for a better development experience: https://react.dev/link/react-devtools font-weight:bold @ http://localhost:3123/_next/static/chunks/node_modules_next_dist_115brz8._.js:2477
[  277912ms] [LOG] [HMR] connected @ http://localhost:3123/_next/static/chunks/node_modules_next_dist_115brz8._.js:2477
[  278068ms] [ERROR] WebSocket connection to 'wss://example.supabase.co/realtime/v1/websocket?apikey=dummy&vsn=2.0.0' failed: Error in connection establishment: net::ERR_NAME_NOT_RESOLVED @ http://localhost:3123/_next/static/chunks/node_modules_097we~m._.js:8551
[  279164ms] [ERROR] WebSocket connection to 'wss://example.supabase.co/realtime/v1/websocket?apikey=dummy&vsn=2.0.0' failed: Error in connection establishment: net::ERR_NAME_NOT_RESOLVED @ http://localhost:3123/_next/static/chunks/node_modules_097we~m._.js:8551
[  279407ms] [ERROR] Failed to load resource: the server responded with a status of 500 (Internal Server Error) @ http://localhost:3123/dev-conversas:0
[  279462ms] [LOG] [HMR] connected @ http://localhost:3123/_next/static/chunks/node_modules_next_dist_115brz8._.js:2477
[  280259ms] [INFO] %cDownload the React DevTools for a better development experience: https://react.dev/link/react-devtools font-weight:bold @ http://localhost:3123/_next/static/chunks/node_modules_next_dist_115brz8._.js:2477
[  280365ms] [LOG] [HMR] connected @ http://localhost:3123/_next/static/chunks/node_modules_next_dist_115brz8._.js:2477
[  280639ms] [ERROR] WebSocket connection to 'wss://example.supabase.co/realtime/v1/websocket?apikey=dummy&vsn=2.0.0' failed: Error in connection establishment: net::ERR_NAME_NOT_RESOLVED @ http://localhost:3123/_next/static/chunks/node_modules_097we~m._.js:8551
[  281505ms] [INFO] %cDownload the React DevTools for a better development experience: https://react.dev/link/react-devtools font-weight:bold @ http://localhost:3123/_next/static/chunks/node_modules_next_dist_115brz8._.js:2477
[  281553ms] [LOG] [HMR] connected @ http://localhost:3123/_next/static/chunks/node_modules_next_dist_115brz8._.js:2477
[  281757ms] [ERROR] WebSocket connection to 'wss://example.supabase.co/realtime/v1/websocket?apikey=dummy&vsn=2.0.0' failed: Error in connection establishment: net::ERR_NAME_NOT_RESOLVED @ http://localhost:3123/_next/static/chunks/node_modules_097we~m._.js:8551
[  282489ms] [INFO] %cDownload the React DevTools for a better development experience: https://react.dev/link/react-devtools font-weight:bold @ http://localhost:3123/_next/static/chunks/node_modules_next_dist_115brz8._.js:2477
[  282571ms] [LOG] [HMR] connected @ http://localhost:3123/_next/static/chunks/node_modules_next_dist_115brz8._.js:2477
[  282800ms] [ERROR] WebSocket connection to 'wss://example.supabase.co/realtime/v1/websocket?apikey=dummy&vsn=2.0.0' failed: Error in connection establishment: net::ERR_NAME_NOT_RESOLVED @ http://localhost:3123/_next/static/chunks/node_modules_097we~m._.js:8551
[  283351ms] [ERROR] Failed to load resource: the server responded with a status of 500 (Internal Server Error) @ http://localhost:3123/dev-conversas:0
[  284174ms] [INFO] %cDownload the React DevTools for a better development experience: https://react.dev/link/react-devtools font-weight:bold @ http://localhost:3123/_next/static/chunks/node_modules_next_dist_115brz8._.js:2477
[  284266ms] [LOG] [HMR] connected @ http://localhost:3123/_next/static/chunks/node_modules_next_dist_115brz8._.js:2477
[  284472ms] [ERROR] WebSocket connection to 'wss://example.supabase.co/realtime/v1/websocket?apikey=dummy&vsn=2.0.0' failed: Error in connection establishment: net::ERR_NAME_NOT_RESOLVED @ http://localhost:3123/_next/static/chunks/node_modules_097we~m._.js:8551
[  284962ms] [ERROR] Failed to load resource: the server responded with a status of 500 (Internal Server Error) @ http://localhost:3123/dev-conversas:0
[  285447ms] [INFO] %cDownload the React DevTools for a better development experience: https://react.dev/link/react-devtools font-weight:bold @ http://localhost:3123/_next/static/chunks/node_modules_next_dist_115brz8._.js:2477
[  285530ms] [LOG] [HMR] connected @ http://localhost:3123/_next/static/chunks/node_modules_next_dist_115brz8._.js:2477
[  285729ms] [ERROR] WebSocket connection to 'wss://example.supabase.co/realtime/v1/websocket?apikey=dummy&vsn=2.0.0' failed: Error in connection establishment: net::ERR_NAME_NOT_RESOLVED @ http://localhost:3123/_next/static/chunks/node_modules_097we~m._.js:8551
[  286342ms] [ERROR] Failed to load resource: the server responded with a status of 500 (Internal Server Error) @ http://localhost:3123/dev-conversas:0
[  286815ms] [INFO] %cDownload the React DevTools for a better development experience: https://react.dev/link/react-devtools font-weight:bold @ http://localhost:3123/_next/static/chunks/node_modules_next_dist_115brz8._.js:2477
[  286877ms] [LOG] [HMR] connected @ http://localhost:3123/_next/static/chunks/node_modules_next_dist_115brz8._.js:2477
[  287077ms] [ERROR] WebSocket connection to 'wss://example.supabase.co/realtime/v1/websocket?apikey=dummy&vsn=2.0.0' failed: Error in connection establishment: net::ERR_NAME_NOT_RESOLVED @ http://localhost:3123/_next/static/chunks/node_modules_097we~m._.js:8551
[  287435ms] [INFO] %cDownload the React DevTools for a better development experience: https://react.dev/link/react-devtools font-weight:bold @ http://localhost:3123/_next/static/chunks/node_modules_next_dist_115brz8._.js:2477
[  287601ms] [LOG] [HMR] connected @ http://localhost:3123/_next/static/chunks/node_modules_next_dist_115brz8._.js:2477
[  287818ms] [ERROR] WebSocket connection to 'wss://example.supabase.co/realtime/v1/websocket?apikey=dummy&vsn=2.0.0' failed: Error in connection establishment: net::ERR_NAME_NOT_RESOLVED @ http://localhost:3123/_next/static/chunks/node_modules_097we~m._.js:8551
[  288405ms] [ERROR] Failed to load resource: the server responded with a status of 500 (Internal Server Error) @ http://localhost:3123/dev-conversas:0
[  288602ms] [INFO] %cDownload the React DevTools for a better development experience: https://react.dev/link/react-devtools font-weight:bold @ http://localhost:3123/_next/static/chunks/node_modules_next_dist_115brz8._.js:2477
[  288713ms] [LOG] [HMR] connected @ http://localhost:3123/_next/static/chunks/node_modules_next_dist_115brz8._.js:2477
[  288920ms] [ERROR] WebSocket connection to 'wss://example.supabase.co/realtime/v1/websocket?apikey=dummy&vsn=2.0.0' failed: Error in connection establishment: net::ERR_NAME_NOT_RESOLVED @ http://localhost:3123/_next/static/chunks/node_modules_097we~m._.js:8551
[  289910ms] [INFO] %cDownload the React DevTools for a better development experience: https://react.dev/link/react-devtools font-weight:bold @ http://localhost:3123/_next/static/chunks/node_modules_next_dist_115brz8._.js:2477
[  289977ms] [LOG] [HMR] connected @ http://localhost:3123/_next/static/chunks/node_modules_next_dist_115brz8._.js:2477
[  290185ms] [ERROR] WebSocket connection to 'wss://example.supabase.co/realtime/v1/websocket?apikey=dummy&vsn=2.0.0' failed: Error in connection establishment: net::ERR_NAME_NOT_RESOLVED @ http://localhost:3123/_next/static/chunks/node_modules_097we~m._.js:8551
[  291096ms] [INFO] %cDownload the React DevTools for a better development experience: https://react.dev/link/react-devtools font-weight:bold @ http://localhost:3123/_next/static/chunks/node_modules_next_dist_115brz8._.js:2477
[  291163ms] [LOG] [HMR] connected @ http://localhost:3123/_next/static/chunks/node_modules_next_dist_115brz8._.js:2477
[  291397ms] [ERROR] WebSocket connection to 'wss://example.supabase.co/realtime/v1/websocket?apikey=dummy&vsn=2.0.0' failed: Error in connection establishment: net::ERR_NAME_NOT_RESOLVED @ http://localhost:3123/_next/static/chunks/node_modules_097we~m._.js:8551
[  292324ms] [INFO] %cDownload the React DevTools for a better development experience: https://react.dev/link/react-devtools font-weight:bold @ http://localhost:3123/_next/static/chunks/node_modules_next_dist_115brz8._.js:2477
[  292422ms] [LOG] [HMR] connected @ http://localhost:3123/_next/static/chunks/node_modules_next_dist_115brz8._.js:2477
[  292602ms] [ERROR] WebSocket connection to 'wss://example.supabase.co/realtime/v1/websocket?apikey=dummy&vsn=2.0.0' failed: Error in connection establishment: net::ERR_NAME_NOT_RESOLVED @ http://localhost:3123/_next/static/chunks/node_modules_097we~m._.js:8551
[  293411ms] [INFO] %cDownload the React DevTools for a better development experience: https://react.dev/link/react-devtools font-weight:bold @ http://localhost:3123/_next/static/chunks/node_modules_next_dist_115brz8._.js:2477
[  293501ms] [LOG] [HMR] connected @ http://localhost:3123/_next/static/chunks/node_modules_next_dist_115brz8._.js:2477
[  293747ms] [ERROR] WebSocket connection to 'wss://example.supabase.co/realtime/v1/websocket?apikey=dummy&vsn=2.0.0' failed: Error in connection establishment: net::ERR_NAME_NOT_RESOLVED @ http://localhost:3123/_next/static/chunks/node_modules_097we~m._.js:8551
[  294794ms] [INFO] %cDownload the React DevTools for a better development experience: https://react.dev/link/react-devtools font-weight:bold @ http://localhost:3123/_next/static/chunks/node_modules_next_dist_115brz8._.js:2477
[  294844ms] [LOG] [HMR] connected @ http://localhost:3123/_next/static/chunks/node_modules_next_dist_115brz8._.js:2477
[  295064ms] [ERROR] WebSocket connection to 'wss://example.supabase.co/realtime/v1/websocket?apikey=dummy&vsn=2.0.0' failed: Error in connection establishment: net::ERR_NAME_NOT_RESOLVED @ http://localhost:3123/_next/static/chunks/node_modules_097we~m._.js:8551
[  295891ms] [ERROR] Failed to load resource: the server responded with a status of 500 (Internal Server Error) @ http://localhost:3123/dev-conversas:0
[  296152ms] [INFO] %cDownload the React DevTools for a better development experience: https://react.dev/link/react-devtools font-weight:bold @ http://localhost:3123/_next/static/chunks/node_modules_next_dist_115brz8._.js:2477
[  296178ms] [LOG] [HMR] connected @ http://localhost:3123/_next/static/chunks/node_modules_next_dist_115brz8._.js:2477
[  296564ms] [INFO] %cDownload the React DevTools for a better development experience: https://react.dev/link/react-devtools font-weight:bold @ http://localhost:3123/_next/static/chunks/node_modules_next_dist_115brz8._.js:2477
[  296605ms] [LOG] [HMR] connected @ http://localhost:3123/_next/static/chunks/node_modules_next_dist_115brz8._.js:2477
[  296814ms] [ERROR] WebSocket connection to 'wss://example.supabase.co/realtime/v1/websocket?apikey=dummy&vsn=2.0.0' failed: Error in connection establishment: net::ERR_NAME_NOT_RESOLVED @ http://localhost:3123/_next/static/chunks/node_modules_097we~m._.js:8551
[  297406ms] [ERROR] Failed to load resource: the server responded with a status of 500 (Internal Server Error) @ http://localhost:3123/dev-conversas:0
[  298410ms] [INFO] %cDownload the React DevTools for a better development experience: https://react.dev/link/react-devtools font-weight:bold @ http://localhost:3123/_next/static/chunks/node_modules_next_dist_115brz8._.js:2477
[  298442ms] [LOG] [HMR] connected @ http://localhost:3123/_next/static/chunks/node_modules_next_dist_115brz8._.js:2477
[  298613ms] [ERROR] WebSocket connection to 'wss://example.supabase.co/realtime/v1/websocket?apikey=dummy&vsn=2.0.0' failed: Error in connection establishment: net::ERR_NAME_NOT_RESOLVED @ http://localhost:3123/_next/static/chunks/node_modules_097we~m._.js:8551
[  299257ms] [ERROR] Failed to load resource: the server responded with a status of 500 (Internal Server Error) @ http://localhost:3123/dev-conversas:0
[  299707ms] [ERROR] WebSocket connection to 'wss://example.supabase.co/realtime/v1/websocket?apikey=dummy&vsn=2.0.0' failed: Error in connection establishment: net::ERR_NAME_NOT_RESOLVED @ http://localhost:3123/_next/static/chunks/node_modules_097we~m._.js:8551
[  299901ms] [ERROR] Failed to load resource: the server responded with a status of 500 (Internal Server Error) @ http://localhost:3123/dev-conversas:0
[  300479ms] [INFO] %cDownload the React DevTools for a better development experience: https://react.dev/link/react-devtools font-weight:bold @ http://localhost:3123/_next/static/chunks/node_modules_next_dist_115brz8._.js:2477
[  300544ms] [LOG] [HMR] connected @ http://localhost:3123/_next/static/chunks/node_modules_next_dist_115brz8._.js:2477
[  301062ms] [INFO] %cDownload the React DevTools for a better development experience: https://react.dev/link/react-devtools font-weight:bold @ http://localhost:3123/_next/static/chunks/node_modules_next_dist_115brz8._.js:2477
[  301111ms] [LOG] [HMR] connected @ http://localhost:3123/_next/static/chunks/node_modules_next_dist_115brz8._.js:2477
[  301311ms] [ERROR] WebSocket connection to 'wss://example.supabase.co/realtime/v1/websocket?apikey=dummy&vsn=2.0.0' failed: Error in connection establishment: net::ERR_NAME_NOT_RESOLVED @ http://localhost:3123/_next/static/chunks/node_modules_097we~m._.js:8551
[  302186ms] [INFO] %cDownload the React DevTools for a better development experience: https://react.dev/link/react-devtools font-weight:bold @ http://localhost:3123/_next/static/chunks/node_modules_next_dist_115brz8._.js:2477
[  302276ms] [LOG] [HMR] connected @ http://localhost:3123/_next/static/chunks/node_modules_next_dist_115brz8._.js:2477
[  302441ms] [ERROR] WebSocket connection to 'wss://example.supabase.co/realtime/v1/websocket?apikey=dummy&vsn=2.0.0' failed: Error in connection establishment: net::ERR_NAME_NOT_RESOLVED @ http://localhost:3123/_next/static/chunks/node_modules_097we~m._.js:8551
[  303187ms] [ERROR] Failed to load resource: the server responded with a status of 500 (Internal Server Error) @ http://localhost:3123/dev-conversas:0
[  303526ms] [INFO] %cDownload the React DevTools for a better development experience: https://react.dev/link/react-devtools font-weight:bold @ http://localhost:3123/_next/static/chunks/node_modules_next_dist_115brz8._.js:2477
[  303581ms] [LOG] [HMR] connected @ http://localhost:3123/_next/static/chunks/node_modules_next_dist_115brz8._.js:2477
[  304065ms] [INFO] %cDownload the React DevTools for a better development experience: https://react.dev/link/react-devtools font-weight:bold @ http://localhost:3123/_next/static/chunks/node_modules_next_dist_115brz8._.js:2477
[  304169ms] [LOG] [HMR] connected @ http://localhost:3123/_next/static/chunks/node_modules_next_dist_115brz8._.js:2477
[  304369ms] [ERROR] WebSocket connection to 'wss://example.supabase.co/realtime/v1/websocket?apikey=dummy&vsn=2.0.0' failed: Error in connection establishment: net::ERR_NAME_NOT_RESOLVED @ http://localhost:3123/_next/static/chunks/node_modules_097we~m._.js:8551
[  305040ms] [ERROR] Failed to load resource: the server responded with a status of 500 (Internal Server Error) @ http://localhost:3123/dev-conversas:0
[  306104ms] [INFO] %cDownload the React DevTools for a better development experience: https://react.dev/link/react-devtools font-weight:bold @ http://localhost:3123/_next/static/chunks/node_modules_next_dist_115brz8._.js:2477
[  306168ms] [LOG] [HMR] connected @ http://localhost:3123/_next/static/chunks/node_modules_next_dist_115brz8._.js:2477
[  306384ms] [ERROR] WebSocket connection to 'wss://example.supabase.co/realtime/v1/websocket?apikey=dummy&vsn=2.0.0' failed: Error in connection establishment: net::ERR_NAME_NOT_RESOLVED @ http://localhost:3123/_next/static/chunks/node_modules_097we~m._.js:8551
[  307126ms] [INFO] %cDownload the React DevTools for a better development experience: https://react.dev/link/react-devtools font-weight:bold @ http://localhost:3123/_next/static/chunks/node_modules_next_dist_115brz8._.js:2477
[  307175ms] [LOG] [HMR] connected @ http://localhost:3123/_next/static/chunks/node_modules_next_dist_115brz8._.js:2477
[  307322ms] [ERROR] WebSocket connection to 'wss://example.supabase.co/realtime/v1/websocket?apikey=dummy&vsn=2.0.0' failed: Error in connection establishment: net::ERR_NAME_NOT_RESOLVED @ http://localhost:3123/_next/static/chunks/node_modules_097we~m._.js:8551
[  307829ms] [ERROR] Failed to load resource: the server responded with a status of 500 (Internal Server Error) @ http://localhost:3123/dev-conversas:0
[  308746ms] [INFO] %cDownload the React DevTools for a better development experience: https://react.dev/link/react-devtools font-weight:bold @ http://localhost:3123/_next/static/chunks/node_modules_next_dist_115brz8._.js:2477
[  308828ms] [LOG] [HMR] connected @ http://localhost:3123/_next/static/chunks/node_modules_next_dist_115brz8._.js:2477
[  309032ms] [ERROR] WebSocket connection to 'wss://example.supabase.co/realtime/v1/websocket?apikey=dummy&vsn=2.0.0' failed: Error in connection establishment: net::ERR_NAME_NOT_RESOLVED @ http://localhost:3123/_next/static/chunks/node_modules_097we~m._.js:8551
[  309602ms] [ERROR] Failed to load resource: the server responded with a status of 500 (Internal Server Error) @ http://localhost:3123/dev-conversas:0
[  311309ms] [INFO] %cDownload the React DevTools for a better development experience: https://react.dev/link/react-devtools font-weight:bold @ http://localhost:3123/_next/static/chunks/node_modules_next_dist_115brz8._.js:2477
[  311362ms] [LOG] [HMR] connected @ http://localhost:3123/_next/static/chunks/node_modules_next_dist_115brz8._.js:2477
[  311578ms] [ERROR] WebSocket connection to 'wss://example.supabase.co/realtime/v1/websocket?apikey=dummy&vsn=2.0.0' failed: Error in connection establishment: net::ERR_NAME_NOT_RESOLVED @ http://localhost:3123/_next/static/chunks/node_modules_097we~m._.js:8551
[  312440ms] [INFO] %cDownload the React DevTools for a better development experience: https://react.dev/link/react-devtools font-weight:bold @ http://localhost:3123/_next/static/chunks/node_modules_next_dist_115brz8._.js:2477
[  312540ms] [LOG] [HMR] connected @ http://localhost:3123/_next/static/chunks/node_modules_next_dist_115brz8._.js:2477
[  312684ms] [ERROR] WebSocket connection to 'wss://example.supabase.co/realtime/v1/websocket?apikey=dummy&vsn=2.0.0' failed: Error in connection establishment: net::ERR_NAME_NOT_RESOLVED @ http://localhost:3123/_next/static/chunks/node_modules_097we~m._.js:8551
[  313373ms] [ERROR] Failed to load resource: the server responded with a status of 500 (Internal Server Error) @ http://localhost:3123/dev-conversas:0
[  313783ms] [ERROR] WebSocket connection to 'wss://example.supabase.co/realtime/v1/websocket?apikey=dummy&vsn=2.0.0' failed: Error in connection establishment: net::ERR_NAME_NOT_RESOLVED @ http://localhost:3123/_next/static/chunks/node_modules_097we~m._.js:8551
[  314087ms] [ERROR] Failed to load resource: the server responded with a status of 500 (Internal Server Error) @ http://localhost:3123/dev-conversas:0
[  314359ms] [INFO] %cDownload the React DevTools for a better development experience: https://react.dev/link/react-devtools font-weight:bold @ http://localhost:3123/_next/static/chunks/node_modules_next_dist_115brz8._.js:2477
[  314394ms] [LOG] [HMR] connected @ http://localhost:3123/_next/static/chunks/node_modules_next_dist_115brz8._.js:2477
[  314609ms] [ERROR] WebSocket connection to 'wss://example.supabase.co/realtime/v1/websocket?apikey=dummy&vsn=2.0.0' failed: Error in connection establishment: net::ERR_NAME_NOT_RESOLVED @ http://localhost:3123/_next/static/chunks/node_modules_097we~m._.js:8551
[  315144ms] [ERROR] Failed to load resource: the server responded with a status of 500 (Internal Server Error) @ http://localhost:3123/dev-conversas:0
[  316144ms] [INFO] %cDownload the React DevTools for a better development experience: https://react.dev/link/react-devtools font-weight:bold @ http://localhost:3123/_next/static/chunks/node_modules_next_dist_115brz8._.js:2477
[  316258ms] [LOG] [HMR] connected @ http://localhost:3123/_next/static/chunks/node_modules_next_dist_115brz8._.js:2477
[  316457ms] [ERROR] WebSocket connection to 'wss://example.supabase.co/realtime/v1/websocket?apikey=dummy&vsn=2.0.0' failed: Error in connection establishment: net::ERR_NAME_NOT_RESOLVED @ http://localhost:3123/_next/static/chunks/node_modules_097we~m._.js:8551
[  316988ms] [ERROR] Failed to load resource: the server responded with a status of 500 (Internal Server Error) @ http://localhost:3123/dev-conversas:0
[  317871ms] [INFO] %cDownload the React DevTools for a better development experience: https://react.dev/link/react-devtools font-weight:bold @ http://localhost:3123/_next/static/chunks/node_modules_next_dist_115brz8._.js:2477
[  317961ms] [LOG] [HMR] connected @ http://localhost:3123/_next/static/chunks/node_modules_next_dist_115brz8._.js:2477
[  318132ms] [ERROR] WebSocket connection to 'wss://example.supabase.co/realtime/v1/websocket?apikey=dummy&vsn=2.0.0' failed: Error in connection establishment: net::ERR_NAME_NOT_RESOLVED @ http://localhost:3123/_next/static/chunks/node_modules_097we~m._.js:8551
[  318660ms] [ERROR] Failed to load resource: the server responded with a status of 500 (Internal Server Error) @ http://localhost:3123/dev-conversas:0
[  319249ms] [INFO] %cDownload the React DevTools for a better development experience: https://react.dev/link/react-devtools font-weight:bold @ http://localhost:3123/_next/static/chunks/node_modules_next_dist_115brz8._.js:2477
[  319356ms] [LOG] [HMR] connected @ http://localhost:3123/_next/static/chunks/node_modules_next_dist_115brz8._.js:2477
[  319529ms] [ERROR] WebSocket connection to 'wss://example.supabase.co/realtime/v1/websocket?apikey=dummy&vsn=2.0.0' failed: Error in connection establishment: net::ERR_NAME_NOT_RESOLVED @ http://localhost:3123/_next/static/chunks/node_modules_097we~m._.js:8551
[  320103ms] [ERROR] Failed to load resource: the server responded with a status of 500 (Internal Server Error) @ http://localhost:3123/dev-conversas:0
[  321028ms] [INFO] %cDownload the React DevTools for a better development experience: https://react.dev/link/react-devtools font-weight:bold @ http://localhost:3123/_next/static/chunks/node_modules_next_dist_115brz8._.js:2477
[  321075ms] [LOG] [HMR] connected @ http://localhost:3123/_next/static/chunks/node_modules_next_dist_115brz8._.js:2477
[  321337ms] [ERROR] WebSocket connection to 'wss://example.supabase.co/realtime/v1/websocket?apikey=dummy&vsn=2.0.0' failed: Error in connection establishment: net::ERR_NAME_NOT_RESOLVED @ http://localhost:3123/_next/static/chunks/node_modules_097we~m._.js:8551
[  321885ms] [ERROR] Failed to load resource: the server responded with a status of 500 (Internal Server Error) @ http://localhost:3123/dev-conversas:0
[  322947ms] [INFO] %cDownload the React DevTools for a better development experience: https://react.dev/link/react-devtools font-weight:bold @ http://localhost:3123/_next/static/chunks/node_modules_next_dist_115brz8._.js:2477
[  323033ms] [LOG] [HMR] connected @ http://localhost:3123/_next/static/chunks/node_modules_next_dist_115brz8._.js:2477
[  323483ms] [INFO] %cDownload the React DevTools for a better development experience: https://react.dev/link/react-devtools font-weight:bold @ http://localhost:3123/_next/static/chunks/node_modules_next_dist_115brz8._.js:2477
[  323550ms] [LOG] [HMR] connected @ http://localhost:3123/_next/static/chunks/node_modules_next_dist_115brz8._.js:2477
[  324441ms] [INFO] %cDownload the React DevTools for a better development experience: https://react.dev/link/react-devtools font-weight:bold @ http://localhost:3123/_next/static/chunks/node_modules_next_dist_115brz8._.js:2477
[  324720ms] [LOG] [HMR] connected @ http://localhost:3123/_next/static/chunks/node_modules_next_dist_115brz8._.js:2477
[  325073ms] [ERROR] WebSocket connection to 'wss://example.supabase.co/realtime/v1/websocket?apikey=dummy&vsn=2.0.0' failed: Error in connection establishment: net::ERR_NAME_NOT_RESOLVED @ http://localhost:3123/_next/static/chunks/node_modules_097we~m._.js:8551
[  325640ms] [ERROR] Failed to load resource: the server responded with a status of 500 (Internal Server Error) @ http://localhost:3123/dev-conversas:0
[  326026ms] [INFO] %cDownload the React DevTools for a better development experience: https://react.dev/link/react-devtools font-weight:bold @ http://localhost:3123/_next/static/chunks/node_modules_next_dist_115brz8._.js:2477
[  326058ms] [LOG] [HMR] connected @ http://localhost:3123/_next/static/chunks/node_modules_next_dist_115brz8._.js:2477
[  326249ms] [ERROR] WebSocket connection to 'wss://example.supabase.co/realtime/v1/websocket?apikey=dummy&vsn=2.0.0' failed: Error in connection establishment: net::ERR_NAME_NOT_RESOLVED @ http://localhost:3123/_next/static/chunks/node_modules_097we~m._.js:8551
[  326797ms] [ERROR] Failed to load resource: the server responded with a status of 500 (Internal Server Error) @ http://localhost:3123/dev-conversas:0
[  328171ms] [INFO] %cDownload the React DevTools for a better development experience: https://react.dev/link/react-devtools font-weight:bold @ http://localhost:3123/_next/static/chunks/node_modules_next_dist_115brz8._.js:2477
[  328231ms] [LOG] [HMR] connected @ http://localhost:3123/_next/static/chunks/node_modules_next_dist_115brz8._.js:2477
[  328837ms] [INFO] %cDownload the React DevTools for a better development experience: https://react.dev/link/react-devtools font-weight:bold @ http://localhost:3123/_next/static/chunks/node_modules_next_dist_115brz8._.js:2477
[  328876ms] [LOG] [HMR] connected @ http://localhost:3123/_next/static/chunks/node_modules_next_dist_115brz8._.js:2477
[  329074ms] [ERROR] WebSocket connection to 'wss://example.supabase.co/realtime/v1/websocket?apikey=dummy&vsn=2.0.0' failed: Error in connection establishment: net::ERR_NAME_NOT_RESOLVED @ http://localhost:3123/_next/static/chunks/node_modules_097we~m._.js:8551
[  329671ms] [ERROR] Failed to load resource: the server responded with a status of 500 (Internal Server Error) @ http://localhost:3123/dev-conversas:0
[  330036ms] [INFO] %cDownload the React DevTools for a better development experience: https://react.dev/link/react-devtools font-weight:bold @ http://localhost:3123/_next/static/chunks/node_modules_next_dist_115brz8._.js:2477
[  330080ms] [LOG] [HMR] connected @ http://localhost:3123/_next/static/chunks/node_modules_next_dist_115brz8._.js:2477
[  330418ms] [INFO] %cDownload the React DevTools for a better development experience: https://react.dev/link/react-devtools font-weight:bold @ http://localhost:3123/_next/static/chunks/node_modules_next_dist_115brz8._.js:2477
[  330451ms] [LOG] [HMR] connected @ http://localhost:3123/_next/static/chunks/node_modules_next_dist_115brz8._.js:2477
[  330627ms] [ERROR] WebSocket connection to 'wss://example.supabase.co/realtime/v1/websocket?apikey=dummy&vsn=2.0.0' failed: Error in connection establishment: net::ERR_NAME_NOT_RESOLVED @ http://localhost:3123/_next/static/chunks/node_modules_097we~m._.js:8551
[  331224ms] [ERROR] Failed to load resource: the server responded with a status of 500 (Internal Server Error) @ http://localhost:3123/dev-conversas:0
[  331657ms] [INFO] %cDownload the React DevTools for a better development experience: https://react.dev/link/react-devtools font-weight:bold @ http://localhost:3123/_next/static/chunks/node_modules_next_dist_115brz8._.js:2477
[  331688ms] [LOG] [HMR] connected @ http://localhost:3123/_next/static/chunks/node_modules_next_dist_115brz8._.js:2477
[  331841ms] [ERROR] WebSocket connection to 'wss://example.supabase.co/realtime/v1/websocket?apikey=dummy&vsn=2.0.0' failed: Error in connection establishment: net::ERR_NAME_NOT_RESOLVED @ http://localhost:3123/_next/static/chunks/node_modules_097we~m._.js:8551
[  332347ms] [ERROR] Failed to load resource: the server responded with a status of 500 (Internal Server Error) @ http://localhost:3123/dev-conversas:0
[  333362ms] [INFO] %cDownload the React DevTools for a better development experience: https://react.dev/link/react-devtools font-weight:bold @ http://localhost:3123/_next/static/chunks/node_modules_next_dist_115brz8._.js:2477
[  333484ms] [LOG] [HMR] connected @ http://localhost:3123/_next/static/chunks/node_modules_next_dist_115brz8._.js:2477
[  333722ms] [ERROR] WebSocket connection to 'wss://example.supabase.co/realtime/v1/websocket?apikey=dummy&vsn=2.0.0' failed: Error in connection establishment: net::ERR_NAME_NOT_RESOLVED @ http://localhost:3123/_next/static/chunks/node_modules_097we~m._.js:8551
[  334563ms] [INFO] %cDownload the React DevTools for a better development experience: https://react.dev/link/react-devtools font-weight:bold @ http://localhost:3123/_next/static/chunks/node_modules_next_dist_115brz8._.js:2477
[  334617ms] [LOG] [HMR] connected @ http://localhost:3123/_next/static/chunks/node_modules_next_dist_115brz8._.js:2477
[  335166ms] [INFO] %cDownload the React DevTools for a better development experience: https://react.dev/link/react-devtools font-weight:bold @ http://localhost:3123/_next/static/chunks/node_modules_next_dist_115brz8._.js:2477
[  335221ms] [LOG] [HMR] connected @ http://localhost:3123/_next/static/chunks/node_modules_next_dist_115brz8._.js:2477
[  335444ms] [ERROR] WebSocket connection to 'wss://example.supabase.co/realtime/v1/websocket?apikey=dummy&vsn=2.0.0' failed: Error in connection establishment: net::ERR_NAME_NOT_RESOLVED @ http://localhost:3123/_next/static/chunks/node_modules_097we~m._.js:8551
[  335955ms] [ERROR] Failed to load resource: the server responded with a status of 500 (Internal Server Error) @ http://localhost:3123/dev-conversas:0
[  336807ms] [INFO] %cDownload the React DevTools for a better development experience: https://react.dev/link/react-devtools font-weight:bold @ http://localhost:3123/_next/static/chunks/node_modules_next_dist_115brz8._.js:2477
[  336841ms] [LOG] [HMR] connected @ http://localhost:3123/_next/static/chunks/node_modules_next_dist_115brz8._.js:2477
[  337041ms] [ERROR] WebSocket connection to 'wss://example.supabase.co/realtime/v1/websocket?apikey=dummy&vsn=2.0.0' failed: Error in connection establishment: net::ERR_NAME_NOT_RESOLVED @ http://localhost:3123/_next/static/chunks/node_modules_097we~m._.js:8551
[  337582ms] [ERROR] Failed to load resource: the server responded with a status of 500 (Internal Server Error) @ http://localhost:3123/dev-conversas:0
[  338056ms] [INFO] %cDownload the React DevTools for a better development experience: https://react.dev/link/react-devtools font-weight:bold @ http://localhost:3123/_next/static/chunks/node_modules_next_dist_115brz8._.js:2477
[  338085ms] [LOG] [HMR] connected @ http://localhost:3123/_next/static/chunks/node_modules_next_dist_115brz8._.js:2477
[  338234ms] [ERROR] WebSocket connection to 'wss://example.supabase.co/realtime/v1/websocket?apikey=dummy&vsn=2.0.0' failed: Error in connection establishment: net::ERR_NAME_NOT_RESOLVED @ http://localhost:3123/_next/static/chunks/node_modules_097we~m._.js:8551
[  338824ms] [ERROR] Failed to load resource: the server responded with a status of 500 (Internal Server Error) @ http://localhost:3123/dev-conversas:0
[  339060ms] [INFO] %cDownload the React DevTools for a better development experience: https://react.dev/link/react-devtools font-weight:bold @ http://localhost:3123/_next/static/chunks/node_modules_next_dist_115brz8._.js:2477
[  339155ms] [LOG] [HMR] connected @ http://localhost:3123/_next/static/chunks/node_modules_next_dist_115brz8._.js:2477
[  339352ms] [ERROR] WebSocket connection to 'wss://example.supabase.co/realtime/v1/websocket?apikey=dummy&vsn=2.0.0' failed: Error in connection establishment: net::ERR_NAME_NOT_RESOLVED @ http://localhost:3123/_next/static/chunks/node_modules_097we~m._.js:8551
[  339927ms] [ERROR] Failed to load resource: the server responded with a status of 500 (Internal Server Error) @ http://localhost:3123/dev-conversas:0
[  340972ms] [INFO] %cDownload the React DevTools for a better development experience: https://react.dev/link/react-devtools font-weight:bold @ http://localhost:3123/_next/static/chunks/node_modules_next_dist_115brz8._.js:2477
[  341063ms] [LOG] [HMR] connected @ http://localhost:3123/_next/static/chunks/node_modules_next_dist_115brz8._.js:2477
[  341438ms] [INFO] %cDownload the React DevTools for a better development experience: https://react.dev/link/react-devtools font-weight:bold @ http://localhost:3123/_next/static/chunks/node_modules_next_dist_115brz8._.js:2477
[  341473ms] [LOG] [HMR] connected @ http://localhost:3123/_next/static/chunks/node_modules_next_dist_115brz8._.js:2477
[  341645ms] [ERROR] WebSocket connection to 'wss://example.supabase.co/realtime/v1/websocket?apikey=dummy&vsn=2.0.0' failed: Error in connection establishment: net::ERR_NAME_NOT_RESOLVED @ http://localhost:3123/_next/static/chunks/node_modules_097we~m._.js:8551
[  342298ms] [ERROR] Failed to load resource: the server responded with a status of 500 (Internal Server Error) @ http://localhost:3123/dev-conversas:0
[  342501ms] [INFO] %cDownload the React DevTools for a better development experience: https://react.dev/link/react-devtools font-weight:bold @ http://localhost:3123/_next/static/chunks/node_modules_next_dist_115brz8._.js:2477
[  342541ms] [LOG] [HMR] connected @ http://localhost:3123/_next/static/chunks/node_modules_next_dist_115brz8._.js:2477
[  342773ms] [ERROR] WebSocket connection to 'wss://example.supabase.co/realtime/v1/websocket?apikey=dummy&vsn=2.0.0' failed: Error in connection establishment: net::ERR_NAME_NOT_RESOLVED @ http://localhost:3123/_next/static/chunks/node_modules_097we~m._.js:8551
[  344514ms] [INFO] %cDownload the React DevTools for a better development experience: https://react.dev/link/react-devtools font-weight:bold @ http://localhost:3123/_next/static/chunks/node_modules_next_dist_115brz8._.js:2477
[  344590ms] [LOG] [HMR] connected @ http://localhost:3123/_next/static/chunks/node_modules_next_dist_115brz8._.js:2477
[  344869ms] [ERROR] WebSocket connection to 'wss://example.supabase.co/realtime/v1/websocket?apikey=dummy&vsn=2.0.0' failed: Error in connection establishment: net::ERR_NAME_NOT_RESOLVED @ http://localhost:3123/_next/static/chunks/node_modules_097we~m._.js:8551
[  345585ms] [ERROR] Failed to load resource: the server responded with a status of 500 (Internal Server Error) @ http://localhost:3123/dev-conversas:0
[  346093ms] [INFO] %cDownload the React DevTools for a better development experience: https://react.dev/link/react-devtools font-weight:bold @ http://localhost:3123/_next/static/chunks/node_modules_next_dist_115brz8._.js:2477
[  346174ms] [LOG] [HMR] connected @ http://localhost:3123/_next/static/chunks/node_modules_next_dist_115brz8._.js:2477
[  346353ms] [ERROR] WebSocket connection to 'wss://example.supabase.co/realtime/v1/websocket?apikey=dummy&vsn=2.0.0' failed: Error in connection establishment: net::ERR_NAME_NOT_RESOLVED @ http://localhost:3123/_next/static/chunks/node_modules_097we~m._.js:8551
[  347321ms] [INFO] %cDownload the React DevTools for a better development experience: https://react.dev/link/react-devtools font-weight:bold @ http://localhost:3123/_next/static/chunks/node_modules_next_dist_115brz8._.js:2477
[  347357ms] [LOG] [HMR] connected @ http://localhost:3123/_next/static/chunks/node_modules_next_dist_115brz8._.js:2477
[  347586ms] [ERROR] WebSocket connection to 'wss://example.supabase.co/realtime/v1/websocket?apikey=dummy&vsn=2.0.0' failed: Error in connection establishment: net::ERR_NAME_NOT_RESOLVED @ http://localhost:3123/_next/static/chunks/node_modules_097we~m._.js:8551
[  348087ms] [ERROR] Failed to load resource: the server responded with a status of 500 (Internal Server Error) @ http://localhost:3123/dev-conversas:0
[  348523ms] [INFO] %cDownload the React DevTools for a better development experience: https://react.dev/link/react-devtools font-weight:bold @ http://localhost:3123/_next/static/chunks/node_modules_next_dist_115brz8._.js:2477
[  348606ms] [LOG] [HMR] connected @ http://localhost:3123/_next/static/chunks/node_modules_next_dist_115brz8._.js:2477
[  348764ms] [ERROR] WebSocket connection to 'wss://example.supabase.co/realtime/v1/websocket?apikey=dummy&vsn=2.0.0' failed: Error in connection establishment: net::ERR_NAME_NOT_RESOLVED @ http://localhost:3123/_next/static/chunks/node_modules_097we~m._.js:8551
[  349742ms] [INFO] %cDownload the React DevTools for a better development experience: https://react.dev/link/react-devtools font-weight:bold @ http://localhost:3123/_next/static/chunks/node_modules_next_dist_115brz8._.js:2477
[  349851ms] [LOG] [HMR] connected @ http://localhost:3123/_next/static/chunks/node_modules_next_dist_115brz8._.js:2477
[  350179ms] [INFO] %cDownload the React DevTools for a better development experience: https://react.dev/link/react-devtools font-weight:bold @ http://localhost:3123/_next/static/chunks/node_modules_next_dist_115brz8._.js:2477
[  350232ms] [LOG] [HMR] connected @ http://localhost:3123/_next/static/chunks/node_modules_next_dist_115brz8._.js:2477
[  350445ms] [ERROR] WebSocket connection to 'wss://example.supabase.co/realtime/v1/websocket?apikey=dummy&vsn=2.0.0' failed: Error in connection establishment: net::ERR_NAME_NOT_RESOLVED @ http://localhost:3123/_next/static/chunks/node_modules_097we~m._.js:8551
[  350981ms] [ERROR] Failed to load resource: the server responded with a status of 500 (Internal Server Error) @ http://localhost:3123/dev-conversas:0
[  351555ms] [INFO] %cDownload the React DevTools for a better development experience: https://react.dev/link/react-devtools font-weight:bold @ http://localhost:3123/_next/static/chunks/node_modules_next_dist_115brz8._.js:2477
[  351589ms] [LOG] [HMR] connected @ http://localhost:3123/_next/static/chunks/node_modules_next_dist_115brz8._.js:2477
[  351784ms] [ERROR] WebSocket connection to 'wss://example.supabase.co/realtime/v1/websocket?apikey=dummy&vsn=2.0.0' failed: Error in connection establishment: net::ERR_NAME_NOT_RESOLVED @ http://localhost:3123/_next/static/chunks/node_modules_097we~m._.js:8551
[  352511ms] [INFO] %cDownload the React DevTools for a better development experience: https://react.dev/link/react-devtools font-weight:bold @ http://localhost:3123/_next/static/chunks/node_modules_next_dist_115brz8._.js:2477
[  352618ms] [LOG] [HMR] connected @ http://localhost:3123/_next/static/chunks/node_modules_next_dist_115brz8._.js:2477
[  352836ms] [ERROR] WebSocket connection to 'wss://example.supabase.co/realtime/v1/websocket?apikey=dummy&vsn=2.0.0' failed: Error in connection establishment: net::ERR_NAME_NOT_RESOLVED @ http://localhost:3123/_next/static/chunks/node_modules_097we~m._.js:8551
[  353354ms] [INFO] %cDownload the React DevTools for a better development experience: https://react.dev/link/react-devtools font-weight:bold @ http://localhost:3123/_next/static/chunks/node_modules_next_dist_115brz8._.js:2477
[  353469ms] [LOG] [HMR] connected @ http://localhost:3123/_next/static/chunks/node_modules_next_dist_115brz8._.js:2477
[  353673ms] [ERROR] WebSocket connection to 'wss://example.supabase.co/realtime/v1/websocket?apikey=dummy&vsn=2.0.0' failed: Error in connection establishment: net::ERR_NAME_NOT_RESOLVED @ http://localhost:3123/_next/static/chunks/node_modules_097we~m._.js:8551
[  354240ms] [ERROR] Failed to load resource: the server responded with a status of 500 (Internal Server Error) @ http://localhost:3123/dev-conversas:0
[  355206ms] [INFO] %cDownload the React DevTools for a better development experience: https://react.dev/link/react-devtools font-weight:bold @ http://localhost:3123/_next/static/chunks/node_modules_next_dist_115brz8._.js:2477
[  355275ms] [LOG] [HMR] connected @ http://localhost:3123/_next/static/chunks/node_modules_next_dist_115brz8._.js:2477
[  355476ms] [ERROR] WebSocket connection to 'wss://example.supabase.co/realtime/v1/websocket?apikey=dummy&vsn=2.0.0' failed: Error in connection establishment: net::ERR_NAME_NOT_RESOLVED @ http://localhost:3123/_next/static/chunks/node_modules_097we~m._.js:8551
[  356019ms] [ERROR] Failed to load resource: the server responded with a status of 500 (Internal Server Error) @ http://localhost:3123/dev-conversas:0
[  357093ms] [INFO] %cDownload the React DevTools for a better development experience: https://react.dev/link/react-devtools font-weight:bold @ http://localhost:3123/_next/static/chunks/node_modules_next_dist_115brz8._.js:2477
[  357157ms] [LOG] [HMR] connected @ http://localhost:3123/_next/static/chunks/node_modules_next_dist_115brz8._.js:2477
[  357990ms] [INFO] %cDownload the React DevTools for a better development experience: https://react.dev/link/react-devtools font-weight:bold @ http://localhost:3123/_next/static/chunks/node_modules_next_dist_115brz8._.js:2477
[  358089ms] [LOG] [HMR] connected @ http://localhost:3123/_next/static/chunks/node_modules_next_dist_115brz8._.js:2477
[  358230ms] [ERROR] WebSocket connection to 'wss://example.supabase.co/realtime/v1/websocket?apikey=dummy&vsn=2.0.0' failed: Error in connection establishment: net::ERR_NAME_NOT_RESOLVED @ http://localhost:3123/_next/static/chunks/node_modules_097we~m._.js:8551
[  358806ms] [ERROR] Failed to load resource: the server responded with a status of 500 (Internal Server Error) @ http://localhost:3123/dev-conversas:0
[  359327ms] [ERROR] WebSocket connection to 'wss://example.supabase.co/realtime/v1/websocket?apikey=dummy&vsn=2.0.0' failed: Error in connection establishment: net::ERR_NAME_NOT_RESOLVED @ http://localhost:3123/_next/static/chunks/node_modules_097we~m._.js:8551
[  359523ms] [ERROR] Failed to load resource: the server responded with a status of 500 (Internal Server Error) @ http://localhost:3123/dev-conversas:0
[  359974ms] [INFO] %cDownload the React DevTools for a better development experience: https://react.dev/link/react-devtools font-weight:bold @ http://localhost:3123/_next/static/chunks/node_modules_next_dist_115brz8._.js:2477
[  360021ms] [LOG] [HMR] connected @ http://localhost:3123/_next/static/chunks/node_modules_next_dist_115brz8._.js:2477
[  360387ms] [INFO] %cDownload the React DevTools for a better development experience: https://react.dev/link/react-devtools font-weight:bold @ http://localhost:3123/_next/static/chunks/node_modules_next_dist_115brz8._.js:2477
[  360432ms] [LOG] [HMR] connected @ http://localhost:3123/_next/static/chunks/node_modules_next_dist_115brz8._.js:2477
[  360909ms] [INFO] %cDownload the React DevTools for a better development experience: https://react.dev/link/react-devtools font-weight:bold @ http://localhost:3123/_next/static/chunks/node_modules_next_dist_115brz8._.js:2477
[  360974ms] [LOG] [HMR] connected @ http://localhost:3123/_next/static/chunks/node_modules_next_dist_115brz8._.js:2477
[  361209ms] [ERROR] WebSocket connection to 'wss://example.supabase.co/realtime/v1/websocket?apikey=dummy&vsn=2.0.0' failed: Error in connection establishment: net::ERR_NAME_NOT_RESOLVED @ http://localhost:3123/_next/static/chunks/node_modules_097we~m._.js:8551
[  361807ms] [ERROR] Failed to load resource: the server responded with a status of 500 (Internal Server Error) @ http://localhost:3123/dev-conversas:0
[  362250ms] [INFO] %cDownload the React DevTools for a better development experience: https://react.dev/link/react-devtools font-weight:bold @ http://localhost:3123/_next/static/chunks/node_modules_next_dist_115brz8._.js:2477
[  362300ms] [LOG] [HMR] connected @ http://localhost:3123/_next/static/chunks/node_modules_next_dist_115brz8._.js:2477
[  363083ms] [INFO] %cDownload the React DevTools for a better development experience: https://react.dev/link/react-devtools font-weight:bold @ http://localhost:3123/_next/static/chunks/node_modules_next_dist_115brz8._.js:2477
[  363140ms] [LOG] [HMR] connected @ http://localhost:3123/_next/static/chunks/node_modules_next_dist_115brz8._.js:2477
[  363301ms] [ERROR] WebSocket connection to 'wss://example.supabase.co/realtime/v1/websocket?apikey=dummy&vsn=2.0.0' failed: Error in connection establishment: net::ERR_NAME_NOT_RESOLVED @ http://localhost:3123/_next/static/chunks/node_modules_097we~m._.js:8551
[  363810ms] [ERROR] Failed to load resource: the server responded with a status of 500 (Internal Server Error) @ http://localhost:3123/dev-conversas:0
[  364259ms] [INFO] %cDownload the React DevTools for a better development experience: https://react.dev/link/react-devtools font-weight:bold @ http://localhost:3123/_next/static/chunks/node_modules_next_dist_115brz8._.js:2477
[  364341ms] [LOG] [HMR] connected @ http://localhost:3123/_next/static/chunks/node_modules_next_dist_115brz8._.js:2477
[  364543ms] [ERROR] WebSocket connection to 'wss://example.supabase.co/realtime/v1/websocket?apikey=dummy&vsn=2.0.0' failed: Error in connection establishment: net::ERR_NAME_NOT_RESOLVED @ http://localhost:3123/_next/static/chunks/node_modules_097we~m._.js:8551
[  365180ms] [ERROR] Failed to load resource: the server responded with a status of 500 (Internal Server Error) @ http://localhost:3123/dev-conversas:0
[  365556ms] [INFO] %cDownload the React DevTools for a better development experience: https://react.dev/link/react-devtools font-weight:bold @ http://localhost:3123/_next/static/chunks/node_modules_next_dist_115brz8._.js:2477
[  365664ms] [LOG] [HMR] connected @ http://localhost:3123/_next/static/chunks/node_modules_next_dist_115brz8._.js:2477
[  365862ms] [ERROR] WebSocket connection to 'wss://example.supabase.co/realtime/v1/websocket?apikey=dummy&vsn=2.0.0' failed: Error in connection establishment: net::ERR_NAME_NOT_RESOLVED @ http://localhost:3123/_next/static/chunks/node_modules_097we~m._.js:8551
[  366359ms] [ERROR] Failed to load resource: the server responded with a status of 500 (Internal Server Error) @ http://localhost:3123/dev-conversas:0
[  366662ms] [INFO] %cDownload the React DevTools for a better development experience: https://react.dev/link/react-devtools font-weight:bold @ http://localhost:3123/_next/static/chunks/node_modules_next_dist_115brz8._.js:2477
[  366735ms] [LOG] [HMR] connected @ http://localhost:3123/_next/static/chunks/node_modules_next_dist_115brz8._.js:2477
[  366931ms] [ERROR] WebSocket connection to 'wss://example.supabase.co/realtime/v1/websocket?apikey=dummy&vsn=2.0.0' failed: Error in connection establishment: net::ERR_NAME_NOT_RESOLVED @ http://localhost:3123/_next/static/chunks/node_modules_097we~m._.js:8551
[  367126ms] [INFO] %cDownload the React DevTools for a better development experience: https://react.dev/link/react-devtools font-weight:bold @ http://localhost:3123/_next/static/chunks/node_modules_next_dist_115brz8._.js:2477
[  367223ms] [LOG] [HMR] connected @ http://localhost:3123/_next/static/chunks/node_modules_next_dist_115brz8._.js:2477
[  367382ms] [ERROR] WebSocket connection to 'wss://example.supabase.co/realtime/v1/websocket?apikey=dummy&vsn=2.0.0' failed: Error in connection establishment: net::ERR_NAME_NOT_RESOLVED @ http://localhost:3123/_next/static/chunks/node_modules_097we~m._.js:8551
[  367915ms] [ERROR] Failed to load resource: the server responded with a status of 500 (Internal Server Error) @ http://localhost:3123/dev-conversas:0
[  368887ms] [INFO] %cDownload the React DevTools for a better development experience: https://react.dev/link/react-devtools font-weight:bold @ http://localhost:3123/_next/static/chunks/node_modules_next_dist_115brz8._.js:2477
[  368967ms] [LOG] [HMR] connected @ http://localhost:3123/_next/static/chunks/node_modules_next_dist_115brz8._.js:2477
[  369139ms] [ERROR] WebSocket connection to 'wss://example.supabase.co/realtime/v1/websocket?apikey=dummy&vsn=2.0.0' failed: Error in connection establishment: net::ERR_NAME_NOT_RESOLVED @ http://localhost:3123/_next/static/chunks/node_modules_097we~m._.js:8551
[  369738ms] [ERROR] Failed to load resource: the server responded with a status of 500 (Internal Server Error) @ http://localhost:3123/dev-conversas:0
[  370068ms] [INFO] %cDownload the React DevTools for a better development experience: https://react.dev/link/react-devtools font-weight:bold @ http://localhost:3123/_next/static/chunks/node_modules_next_dist_115brz8._.js:2477
[  370099ms] [LOG] [HMR] connected @ http://localhost:3123/_next/static/chunks/node_modules_next_dist_115brz8._.js:2477
[  370585ms] [INFO] %cDownload the React DevTools for a better development experience: https://react.dev/link/react-devtools font-weight:bold @ http://localhost:3123/_next/static/chunks/node_modules_next_dist_115brz8._.js:2477
[  370607ms] [LOG] [HMR] connected @ http://localhost:3123/_next/static/chunks/node_modules_next_dist_115brz8._.js:2477
[  370790ms] [ERROR] WebSocket connection to 'wss://example.supabase.co/realtime/v1/websocket?apikey=dummy&vsn=2.0.0' failed: Error in connection establishment: net::ERR_NAME_NOT_RESOLVED @ http://localhost:3123/_next/static/chunks/node_modules_097we~m._.js:8551
[  371586ms] [INFO] %cDownload the React DevTools for a better development experience: https://react.dev/link/react-devtools font-weight:bold @ http://localhost:3123/_next/static/chunks/node_modules_next_dist_115brz8._.js:2477
[  371642ms] [LOG] [HMR] connected @ http://localhost:3123/_next/static/chunks/node_modules_next_dist_115brz8._.js:2477
[  372136ms] [INFO] %cDownload the React DevTools for a better development experience: https://react.dev/link/react-devtools font-weight:bold @ http://localhost:3123/_next/static/chunks/node_modules_next_dist_115brz8._.js:2477
[  372176ms] [LOG] [HMR] connected @ http://localhost:3123/_next/static/chunks/node_modules_next_dist_115brz8._.js:2477
[  372372ms] [ERROR] WebSocket connection to 'wss://example.supabase.co/realtime/v1/websocket?apikey=dummy&vsn=2.0.0' failed: Error in connection establishment: net::ERR_NAME_NOT_RESOLVED @ http://localhost:3123/_next/static/chunks/node_modules_097we~m._.js:8551
[  372849ms] [ERROR] Failed to load resource: the server responded with a status of 500 (Internal Server Error) @ http://localhost:3123/dev-conversas:0
[  373236ms] [INFO] %cDownload the React DevTools for a better development experience: https://react.dev/link/react-devtools font-weight:bold @ http://localhost:3123/_next/static/chunks/node_modules_next_dist_115brz8._.js:2477
[  373272ms] [LOG] [HMR] connected @ http://localhost:3123/_next/static/chunks/node_modules_next_dist_115brz8._.js:2477
[  373435ms] [ERROR] WebSocket connection to 'wss://example.supabase.co/realtime/v1/websocket?apikey=dummy&vsn=2.0.0' failed: Error in connection establishment: net::ERR_NAME_NOT_RESOLVED @ http://localhost:3123/_next/static/chunks/node_modules_097we~m._.js:8551
[  374030ms] [ERROR] Failed to load resource: the server responded with a status of 500 (Internal Server Error) @ http://localhost:3123/dev-conversas:0
[  374254ms] [INFO] %cDownload the React DevTools for a better development experience: https://react.dev/link/react-devtools font-weight:bold @ http://localhost:3123/_next/static/chunks/node_modules_next_dist_115brz8._.js:2477
[  374294ms] [LOG] [HMR] connected @ http://localhost:3123/_next/static/chunks/node_modules_next_dist_115brz8._.js:2477
[  374470ms] [ERROR] WebSocket connection to 'wss://example.supabase.co/realtime/v1/websocket?apikey=dummy&vsn=2.0.0' failed: Error in connection establishment: net::ERR_NAME_NOT_RESOLVED @ http://localhost:3123/_next/static/chunks/node_modules_097we~m._.js:8551
[  375422ms] [INFO] %cDownload the React DevTools for a better development experience: https://react.dev/link/react-devtools font-weight:bold @ http://localhost:3123/_next/static/chunks/node_modules_next_dist_115brz8._.js:2477
[  375502ms] [LOG] [HMR] connected @ http://localhost:3123/_next/static/chunks/node_modules_next_dist_115brz8._.js:2477
[  376501ms] [INFO] %cDownload the React DevTools for a better development experience: https://react.dev/link/react-devtools font-weight:bold @ http://localhost:3123/_next/static/chunks/node_modules_next_dist_115brz8._.js:2477
[  376562ms] [LOG] [HMR] connected @ http://localhost:3123/_next/static/chunks/node_modules_next_dist_115brz8._.js:2477
[  376826ms] [ERROR] WebSocket connection to 'wss://example.supabase.co/realtime/v1/websocket?apikey=dummy&vsn=2.0.0' failed: Error in connection establishment: net::ERR_NAME_NOT_RESOLVED @ http://localhost:3123/_next/static/chunks/node_modules_097we~m._.js:8551
[  377185ms] [INFO] %cDownload the React DevTools for a better development experience: https://react.dev/link/react-devtools font-weight:bold @ http://localhost:3123/_next/static/chunks/node_modules_next_dist_115brz8._.js:2477
[  377245ms] [LOG] [HMR] connected @ http://localhost:3123/_next/static/chunks/node_modules_next_dist_115brz8._.js:2477
[  377546ms] [ERROR] WebSocket connection to 'wss://example.supabase.co/realtime/v1/websocket?apikey=dummy&vsn=2.0.0' failed: Error in connection establishment: net::ERR_NAME_NOT_RESOLVED @ http://localhost:3123/_next/static/chunks/node_modules_097we~m._.js:8551
[  378366ms] [INFO] %cDownload the React DevTools for a better development experience: https://react.dev/link/react-devtools font-weight:bold @ http://localhost:3123/_next/static/chunks/node_modules_next_dist_115brz8._.js:2477
[  378441ms] [LOG] [HMR] connected @ http://localhost:3123/_next/static/chunks/node_modules_next_dist_115brz8._.js:2477
[  378817ms] [INFO] %cDownload the React DevTools for a better development experience: https://react.dev/link/react-devtools font-weight:bold @ http://localhost:3123/_next/static/chunks/node_modules_next_dist_115brz8._.js:2477
[  378845ms] [LOG] [HMR] connected @ http://localhost:3123/_next/static/chunks/node_modules_next_dist_115brz8._.js:2477
[  379045ms] [ERROR] WebSocket connection to 'wss://example.supabase.co/realtime/v1/websocket?apikey=dummy&vsn=2.0.0' failed: Error in connection establishment: net::ERR_NAME_NOT_RESOLVED @ http://localhost:3123/_next/static/chunks/node_modules_097we~m._.js:8551
[  379552ms] [ERROR] Failed to load resource: the server responded with a status of 500 (Internal Server Error) @ http://localhost:3123/dev-conversas:0
[  380487ms] [INFO] %cDownload the React DevTools for a better development experience: https://react.dev/link/react-devtools font-weight:bold @ http://localhost:3123/_next/static/chunks/node_modules_next_dist_115brz8._.js:2477
[  380520ms] [LOG] [HMR] connected @ http://localhost:3123/_next/static/chunks/node_modules_next_dist_115brz8._.js:2477
[  380739ms] [ERROR] WebSocket connection to 'wss://example.supabase.co/realtime/v1/websocket?apikey=dummy&vsn=2.0.0' failed: Error in connection establishment: net::ERR_NAME_NOT_RESOLVED @ http://localhost:3123/_next/static/chunks/node_modules_097we~m._.js:8551
[  380910ms] [INFO] %cDownload the React DevTools for a better development experience: https://react.dev/link/react-devtools font-weight:bold @ http://localhost:3123/_next/static/chunks/node_modules_next_dist_115brz8._.js:2477
[  381004ms] [LOG] [HMR] connected @ http://localhost:3123/_next/static/chunks/node_modules_next_dist_115brz8._.js:2477
[  381369ms] [INFO] %cDownload the React DevTools for a better development experience: https://react.dev/link/react-devtools font-weight:bold @ http://localhost:3123/_next/static/chunks/node_modules_next_dist_115brz8._.js:2477
[  381429ms] [LOG] [HMR] connected @ http://localhost:3123/_next/static/chunks/node_modules_next_dist_115brz8._.js:2477
[  381667ms] [ERROR] WebSocket connection to 'wss://example.supabase.co/realtime/v1/websocket?apikey=dummy&vsn=2.0.0' failed: Error in connection establishment: net::ERR_NAME_NOT_RESOLVED @ http://localhost:3123/_next/static/chunks/node_modules_097we~m._.js:8551
[  381852ms] [INFO] %cDownload the React DevTools for a better development experience: https://react.dev/link/react-devtools font-weight:bold @ http://localhost:3123/_next/static/chunks/node_modules_next_dist_115brz8._.js:2477
[  381877ms] [LOG] [HMR] connected @ http://localhost:3123/_next/static/chunks/node_modules_next_dist_115brz8._.js:2477
[  382043ms] [ERROR] WebSocket connection to 'wss://example.supabase.co/realtime/v1/websocket?apikey=dummy&vsn=2.0.0' failed: Error in connection establishment: net::ERR_NAME_NOT_RESOLVED @ http://localhost:3123/_next/static/chunks/node_modules_097we~m._.js:8551
[  382543ms] [ERROR] Failed to load resource: the server responded with a status of 500 (Internal Server Error) @ http://localhost:3123/dev-conversas:0
[  382859ms] [INFO] %cDownload the React DevTools for a better development experience: https://react.dev/link/react-devtools font-weight:bold @ http://localhost:3123/_next/static/chunks/node_modules_next_dist_115brz8._.js:2477
[  382926ms] [LOG] [HMR] connected @ http://localhost:3123/_next/static/chunks/node_modules_next_dist_115brz8._.js:2477
[  383154ms] [ERROR] WebSocket connection to 'wss://example.supabase.co/realtime/v1/websocket?apikey=dummy&vsn=2.0.0' failed: Error in connection establishment: net::ERR_NAME_NOT_RESOLVED @ http://localhost:3123/_next/static/chunks/node_modules_097we~m._.js:8551
[  384901ms] [INFO] %cDownload the React DevTools for a better development experience: https://react.dev/link/react-devtools font-weight:bold @ http://localhost:3123/_next/static/chunks/node_modules_next_dist_115brz8._.js:2477
[  384952ms] [LOG] [HMR] connected @ http://localhost:3123/_next/static/chunks/node_modules_next_dist_115brz8._.js:2477
[  385146ms] [ERROR] WebSocket connection to 'wss://example.supabase.co/realtime/v1/websocket?apikey=dummy&vsn=2.0.0' failed: Error in connection establishment: net::ERR_NAME_NOT_RESOLVED @ http://localhost:3123/_next/static/chunks/node_modules_097we~m._.js:8551
[  385668ms] [ERROR] Failed to load resource: the server responded with a status of 500 (Internal Server Error) @ http://localhost:3123/dev-conversas:0
[  386617ms] [INFO] %cDownload the React DevTools for a better development experience: https://react.dev/link/react-devtools font-weight:bold @ http://localhost:3123/_next/static/chunks/node_modules_next_dist_115brz8._.js:2477
[  386661ms] [LOG] [HMR] connected @ http://localhost:3123/_next/static/chunks/node_modules_next_dist_115brz8._.js:2477
[  387801ms] [INFO] %cDownload the React DevTools for a better development experience: https://react.dev/link/react-devtools font-weight:bold @ http://localhost:3123/_next/static/chunks/node_modules_next_dist_115brz8._.js:2477
[  387829ms] [LOG] [HMR] connected @ http://localhost:3123/_next/static/chunks/node_modules_next_dist_115brz8._.js:2477
[  388405ms] [INFO] %cDownload the React DevTools for a better development experience: https://react.dev/link/react-devtools font-weight:bold @ http://localhost:3123/_next/static/chunks/node_modules_next_dist_115brz8._.js:2477
[  388430ms] [LOG] [HMR] connected @ http://localhost:3123/_next/static/chunks/node_modules_next_dist_115brz8._.js:2477
[  388565ms] [ERROR] WebSocket connection to 'wss://example.supabase.co/realtime/v1/websocket?apikey=dummy&vsn=2.0.0' failed: Error in connection establishment: net::ERR_NAME_NOT_RESOLVED @ http://localhost:3123/_next/static/chunks/node_modules_097we~m._.js:8551
[  389157ms] [ERROR] Failed to load resource: the server responded with a status of 500 (Internal Server Error) @ http://localhost:3123/dev-conversas:0
[  390250ms] [INFO] %cDownload the React DevTools for a better development experience: https://react.dev/link/react-devtools font-weight:bold @ http://localhost:3123/_next/static/chunks/node_modules_next_dist_115brz8._.js:2477
[  390316ms] [LOG] [HMR] connected @ http://localhost:3123/_next/static/chunks/node_modules_next_dist_115brz8._.js:2477
[  390529ms] [ERROR] WebSocket connection to 'wss://example.supabase.co/realtime/v1/websocket?apikey=dummy&vsn=2.0.0' failed: Error in connection establishment: net::ERR_NAME_NOT_RESOLVED @ http://localhost:3123/_next/static/chunks/node_modules_097we~m._.js:8551
[  391273ms] [INFO] %cDownload the React DevTools for a better development experience: https://react.dev/link/react-devtools font-weight:bold @ http://localhost:3123/_next/static/chunks/node_modules_next_dist_115brz8._.js:2477
[  391340ms] [LOG] [HMR] connected @ http://localhost:3123/_next/static/chunks/node_modules_next_dist_115brz8._.js:2477
[  391546ms] [ERROR] WebSocket connection to 'wss://example.supabase.co/realtime/v1/websocket?apikey=dummy&vsn=2.0.0' failed: Error in connection establishment: net::ERR_NAME_NOT_RESOLVED @ http://localhost:3123/_next/static/chunks/node_modules_097we~m._.js:8551
[  392014ms] [ERROR] Failed to load resource: the server responded with a status of 500 (Internal Server Error) @ http://localhost:3123/dev-conversas:0
[  392859ms] [INFO] %cDownload the React DevTools for a better development experience: https://react.dev/link/react-devtools font-weight:bold @ http://localhost:3123/_next/static/chunks/node_modules_next_dist_115brz8._.js:2477
[  392976ms] [LOG] [HMR] connected @ http://localhost:3123/_next/static/chunks/node_modules_next_dist_115brz8._.js:2477
[  393500ms] [INFO] %cDownload the React DevTools for a better development experience: https://react.dev/link/react-devtools font-weight:bold @ http://localhost:3123/_next/static/chunks/node_modules_next_dist_115brz8._.js:2477
[  393553ms] [LOG] [HMR] connected @ http://localhost:3123/_next/static/chunks/node_modules_next_dist_115brz8._.js:2477
[  394040ms] [INFO] %cDownload the React DevTools for a better development experience: https://react.dev/link/react-devtools font-weight:bold @ http://localhost:3123/_next/static/chunks/node_modules_next_dist_115brz8._.js:2477
[  394072ms] [LOG] [HMR] connected @ http://localhost:3123/_next/static/chunks/node_modules_next_dist_115brz8._.js:2477
[  394241ms] [ERROR] WebSocket connection to 'wss://example.supabase.co/realtime/v1/websocket?apikey=dummy&vsn=2.0.0' failed: Error in connection establishment: net::ERR_NAME_NOT_RESOLVED @ http://localhost:3123/_next/static/chunks/node_modules_097we~m._.js:8551
[  394782ms] [ERROR] Failed to load resource: the server responded with a status of 500 (Internal Server Error) @ http://localhost:3123/dev-conversas:0
[  395008ms] [INFO] %cDownload the React DevTools for a better development experience: https://react.dev/link/react-devtools font-weight:bold @ http://localhost:3123/_next/static/chunks/node_modules_next_dist_115brz8._.js:2477
[  395039ms] [LOG] [HMR] connected @ http://localhost:3123/_next/static/chunks/node_modules_next_dist_115brz8._.js:2477
[  395293ms] [ERROR] WebSocket connection to 'wss://example.supabase.co/realtime/v1/websocket?apikey=dummy&vsn=2.0.0' failed: Error in connection establishment: net::ERR_NAME_NOT_RESOLVED @ http://localhost:3123/_next/static/chunks/node_modules_097we~m._.js:8551
[  395742ms] [ERROR] Failed to load resource: the server responded with a status of 500 (Internal Server Error) @ http://localhost:3123/dev-conversas:0
[  396838ms] [INFO] %cDownload the React DevTools for a better development experience: https://react.dev/link/react-devtools font-weight:bold @ http://localhost:3123/_next/static/chunks/node_modules_next_dist_115brz8._.js:2477
[  396943ms] [LOG] [HMR] connected @ http://localhost:3123/_next/static/chunks/node_modules_next_dist_115brz8._.js:2477
[  397094ms] [ERROR] WebSocket connection to 'wss://example.supabase.co/realtime/v1/websocket?apikey=dummy&vsn=2.0.0' failed: Error in connection establishment: net::ERR_NAME_NOT_RESOLVED @ http://localhost:3123/_next/static/chunks/node_modules_097we~m._.js:8551
[  397645ms] [ERROR] Failed to load resource: the server responded with a status of 500 (Internal Server Error) @ http://localhost:3123/dev-conversas:0
[  398635ms] [INFO] %cDownload the React DevTools for a better development experience: https://react.dev/link/react-devtools font-weight:bold @ http://localhost:3123/_next/static/chunks/node_modules_next_dist_115brz8._.js:2477
[  398671ms] [LOG] [HMR] connected @ http://localhost:3123/_next/static/chunks/node_modules_next_dist_115brz8._.js:2477
[  398884ms] [ERROR] WebSocket connection to 'wss://example.supabase.co/realtime/v1/websocket?apikey=dummy&vsn=2.0.0' failed: Error in connection establishment: net::ERR_NAME_NOT_RESOLVED @ http://localhost:3123/_next/static/chunks/node_modules_097we~m._.js:8551
[  399728ms] [INFO] %cDownload the React DevTools for a better development experience: https://react.dev/link/react-devtools font-weight:bold @ http://localhost:3123/_next/static/chunks/node_modules_next_dist_115brz8._.js:2477
[  399759ms] [LOG] [HMR] connected @ http://localhost:3123/_next/static/chunks/node_modules_next_dist_115brz8._.js:2477
[  400071ms] [ERROR] WebSocket connection to 'wss://example.supabase.co/realtime/v1/websocket?apikey=dummy&vsn=2.0.0' failed: Error in connection establishment: net::ERR_NAME_NOT_RESOLVED @ http://localhost:3123/_next/static/chunks/node_modules_097we~m._.js:8551
[  400526ms] [ERROR] Failed to load resource: the server responded with a status of 500 (Internal Server Error) @ http://localhost:3123/dev-conversas:0
[  401409ms] [INFO] %cDownload the React DevTools for a better development experience: https://react.dev/link/react-devtools font-weight:bold @ http://localhost:3123/_next/static/chunks/node_modules_next_dist_115brz8._.js:2477
[  401472ms] [LOG] [HMR] connected @ http://localhost:3123/_next/static/chunks/node_modules_next_dist_115brz8._.js:2477
[  401722ms] [ERROR] WebSocket connection to 'wss://example.supabase.co/realtime/v1/websocket?apikey=dummy&vsn=2.0.0' failed: Error in connection establishment: net::ERR_NAME_NOT_RESOLVED @ http://localhost:3123/_next/static/chunks/node_modules_097we~m._.js:8551
[  402488ms] [INFO] %cDownload the React DevTools for a better development experience: https://react.dev/link/react-devtools font-weight:bold @ http://localhost:3123/_next/static/chunks/node_modules_next_dist_115brz8._.js:2477
[  402580ms] [LOG] [HMR] connected @ http://localhost:3123/_next/static/chunks/node_modules_next_dist_115brz8._.js:2477
[  402783ms] [ERROR] WebSocket connection to 'wss://example.supabase.co/realtime/v1/websocket?apikey=dummy&vsn=2.0.0' failed: Error in connection establishment: net::ERR_NAME_NOT_RESOLVED @ http://localhost:3123/_next/static/chunks/node_modules_097we~m._.js:8551
[  403245ms] [ERROR] Failed to load resource: the server responded with a status of 500 (Internal Server Error) @ http://localhost:3123/dev-conversas:0
[  404284ms] [INFO] %cDownload the React DevTools for a better development experience: https://react.dev/link/react-devtools font-weight:bold @ http://localhost:3123/_next/static/chunks/node_modules_next_dist_115brz8._.js:2477
[  404327ms] [LOG] [HMR] connected @ http://localhost:3123/_next/static/chunks/node_modules_next_dist_115brz8._.js:2477
[  404586ms] [ERROR] WebSocket connection to 'wss://example.supabase.co/realtime/v1/websocket?apikey=dummy&vsn=2.0.0' failed: Error in connection establishment: net::ERR_NAME_NOT_RESOLVED @ http://localhost:3123/_next/static/chunks/node_modules_097we~m._.js:8551
[  404755ms] [INFO] %cDownload the React DevTools for a better development experience: https://react.dev/link/react-devtools font-weight:bold @ http://localhost:3123/_next/static/chunks/node_modules_next_dist_115brz8._.js:2477
[  404840ms] [LOG] [HMR] connected @ http://localhost:3123/_next/static/chunks/node_modules_next_dist_115brz8._.js:2477
[  405046ms] [ERROR] WebSocket connection to 'wss://example.supabase.co/realtime/v1/websocket?apikey=dummy&vsn=2.0.0' failed: Error in connection establishment: net::ERR_NAME_NOT_RESOLVED @ http://localhost:3123/_next/static/chunks/node_modules_097we~m._.js:8551
[  405493ms] [INFO] %cDownload the React DevTools for a better development experience: https://react.dev/link/react-devtools font-weight:bold @ http://localhost:3123/_next/static/chunks/node_modules_next_dist_115brz8._.js:2477
[  405558ms] [LOG] [HMR] connected @ http://localhost:3123/_next/static/chunks/node_modules_next_dist_115brz8._.js:2477
[  405961ms] [INFO] %cDownload the React DevTools for a better development experience: https://react.dev/link/react-devtools font-weight:bold @ http://localhost:3123/_next/static/chunks/node_modules_next_dist_115brz8._.js:2477
[  406049ms] [LOG] [HMR] connected @ http://localhost:3123/_next/static/chunks/node_modules_next_dist_115brz8._.js:2477
[  406561ms] [INFO] %cDownload the React DevTools for a better development experience: https://react.dev/link/react-devtools font-weight:bold @ http://localhost:3123/_next/static/chunks/node_modules_next_dist_115brz8._.js:2477
[  406596ms] [LOG] [HMR] connected @ http://localhost:3123/_next/static/chunks/node_modules_next_dist_115brz8._.js:2477
[  406806ms] [ERROR] WebSocket connection to 'wss://example.supabase.co/realtime/v1/websocket?apikey=dummy&vsn=2.0.0' failed: Error in connection establishment: net::ERR_NAME_NOT_RESOLVED @ http://localhost:3123/_next/static/chunks/node_modules_097we~m._.js:8551
[  407116ms] [INFO] %cDownload the React DevTools for a better development experience: https://react.dev/link/react-devtools font-weight:bold @ http://localhost:3123/_next/static/chunks/node_modules_next_dist_115brz8._.js:2477
[  407148ms] [LOG] [HMR] connected @ http://localhost:3123/_next/static/chunks/node_modules_next_dist_115brz8._.js:2477
[  407359ms] [ERROR] WebSocket connection to 'wss://example.supabase.co/realtime/v1/websocket?apikey=dummy&vsn=2.0.0' failed: Error in connection establishment: net::ERR_NAME_NOT_RESOLVED @ http://localhost:3123/_next/static/chunks/node_modules_097we~m._.js:8551
[  407791ms] [ERROR] Failed to load resource: the server responded with a status of 500 (Internal Server Error) @ http://localhost:3123/dev-conversas:0
[  408160ms] [INFO] %cDownload the React DevTools for a better development experience: https://react.dev/link/react-devtools font-weight:bold @ http://localhost:3123/_next/static/chunks/node_modules_next_dist_115brz8._.js:2477
[  408248ms] [LOG] [HMR] connected @ http://localhost:3123/_next/static/chunks/node_modules_next_dist_115brz8._.js:2477
[  408517ms] [ERROR] WebSocket connection to 'wss://example.supabase.co/realtime/v1/websocket?apikey=dummy&vsn=2.0.0' failed: Error in connection establishment: net::ERR_NAME_NOT_RESOLVED @ http://localhost:3123/_next/static/chunks/node_modules_097we~m._.js:8551
[  409327ms] [INFO] %cDownload the React DevTools for a better development experience: https://react.dev/link/react-devtools font-weight:bold @ http://localhost:3123/_next/static/chunks/node_modules_next_dist_115brz8._.js:2477
[  409416ms] [LOG] [HMR] connected @ http://localhost:3123/_next/static/chunks/node_modules_next_dist_115brz8._.js:2477
[  410398ms] [INFO] %cDownload the React DevTools for a better development experience: https://react.dev/link/react-devtools font-weight:bold @ http://localhost:3123/_next/static/chunks/node_modules_next_dist_115brz8._.js:2477
[  410453ms] [LOG] [HMR] connected @ http://localhost:3123/_next/static/chunks/node_modules_next_dist_115brz8._.js:2477
[  411412ms] [INFO] %cDownload the React DevTools for a better development experience: https://react.dev/link/react-devtools font-weight:bold @ http://localhost:3123/_next/static/chunks/node_modules_next_dist_115brz8._.js:2477
[  411458ms] [LOG] [HMR] connected @ http://localhost:3123/_next/static/chunks/node_modules_next_dist_115brz8._.js:2477
[  411669ms] [ERROR] WebSocket connection to 'wss://example.supabase.co/realtime/v1/websocket?apikey=dummy&vsn=2.0.0' failed: Error in connection establishment: net::ERR_NAME_NOT_RESOLVED @ http://localhost:3123/_next/static/chunks/node_modules_097we~m._.js:8551
[  412150ms] [ERROR] Failed to load resource: the server responded with a status of 500 (Internal Server Error) @ http://localhost:3123/dev-conversas:0
[  412533ms] [INFO] %cDownload the React DevTools for a better development experience: https://react.dev/link/react-devtools font-weight:bold @ http://localhost:3123/_next/static/chunks/node_modules_next_dist_115brz8._.js:2477
[  412590ms] [LOG] [HMR] connected @ http://localhost:3123/_next/static/chunks/node_modules_next_dist_115brz8._.js:2477
[  412759ms] [ERROR] WebSocket connection to 'wss://example.supabase.co/realtime/v1/websocket?apikey=dummy&vsn=2.0.0' failed: Error in connection establishment: net::ERR_NAME_NOT_RESOLVED @ http://localhost:3123/_next/static/chunks/node_modules_097we~m._.js:8551
[  413498ms] [ERROR] Failed to load resource: the server responded with a status of 500 (Internal Server Error) @ http://localhost:3123/dev-conversas:0
[  413773ms] [INFO] %cDownload the React DevTools for a better development experience: https://react.dev/link/react-devtools font-weight:bold @ http://localhost:3123/_next/static/chunks/node_modules_next_dist_115brz8._.js:2477
[  413843ms] [LOG] [HMR] connected @ http://localhost:3123/_next/static/chunks/node_modules_next_dist_115brz8._.js:2477
[  414049ms] [ERROR] WebSocket connection to 'wss://example.supabase.co/realtime/v1/websocket?apikey=dummy&vsn=2.0.0' failed: Error in connection establishment: net::ERR_NAME_NOT_RESOLVED @ http://localhost:3123/_next/static/chunks/node_modules_097we~m._.js:8551
[  414793ms] [INFO] %cDownload the React DevTools for a better development experience: https://react.dev/link/react-devtools font-weight:bold @ http://localhost:3123/_next/static/chunks/node_modules_next_dist_115brz8._.js:2477
[  414950ms] [LOG] [HMR] connected @ http://localhost:3123/_next/static/chunks/node_modules_next_dist_115brz8._.js:2477
[  415122ms] [ERROR] WebSocket connection to 'wss://example.supabase.co/realtime/v1/websocket?apikey=dummy&vsn=2.0.0' failed: Error in connection establishment: net::ERR_NAME_NOT_RESOLVED @ http://localhost:3123/_next/static/chunks/node_modules_097we~m._.js:8551
[  415774ms] [ERROR] Failed to load resource: the server responded with a status of 500 (Internal Server Error) @ http://localhost:3123/dev-conversas:0
[  416736ms] [INFO] %cDownload the React DevTools for a better development experience: https://react.dev/link/react-devtools font-weight:bold @ http://localhost:3123/_next/static/chunks/node_modules_next_dist_115brz8._.js:2477
[  416843ms] [LOG] [HMR] connected @ http://localhost:3123/_next/static/chunks/node_modules_next_dist_115brz8._.js:2477
[  416990ms] [ERROR] WebSocket connection to 'wss://example.supabase.co/realtime/v1/websocket?apikey=dummy&vsn=2.0.0' failed: Error in connection establishment: net::ERR_NAME_NOT_RESOLVED @ http://localhost:3123/_next/static/chunks/node_modules_097we~m._.js:8551
[  417503ms] [ERROR] Failed to load resource: the server responded with a status of 500 (Internal Server Error) @ http://localhost:3123/dev-conversas:0
[  418435ms] [INFO] %cDownload the React DevTools for a better development experience: https://react.dev/link/react-devtools font-weight:bold @ http://localhost:3123/_next/static/chunks/node_modules_next_dist_115brz8._.js:2477
[  418504ms] [LOG] [HMR] connected @ http://localhost:3123/_next/static/chunks/node_modules_next_dist_115brz8._.js:2477
[  418747ms] [ERROR] WebSocket connection to 'wss://example.supabase.co/realtime/v1/websocket?apikey=dummy&vsn=2.0.0' failed: Error in connection establishment: net::ERR_NAME_NOT_RESOLVED @ http://localhost:3123/_next/static/chunks/node_modules_097we~m._.js:8551
[  419610ms] [INFO] %cDownload the React DevTools for a better development experience: https://react.dev/link/react-devtools font-weight:bold @ http://localhost:3123/_next/static/chunks/node_modules_next_dist_115brz8._.js:2477
[  419696ms] [LOG] [HMR] connected @ http://localhost:3123/_next/static/chunks/node_modules_next_dist_115brz8._.js:2477
[  419956ms] [ERROR] WebSocket connection to 'wss://example.supabase.co/realtime/v1/websocket?apikey=dummy&vsn=2.0.0' failed: Error in connection establishment: net::ERR_NAME_NOT_RESOLVED @ http://localhost:3123/_next/static/chunks/node_modules_097we~m._.js:8551
[  420460ms] [ERROR] Failed to load resource: the server responded with a status of 500 (Internal Server Error) @ http://localhost:3123/dev-conversas:0
[  420862ms] [INFO] %cDownload the React DevTools for a better development experience: https://react.dev/link/react-devtools font-weight:bold @ http://localhost:3123/_next/static/chunks/node_modules_next_dist_115brz8._.js:2477
[  420917ms] [LOG] [HMR] connected @ http://localhost:3123/_next/static/chunks/node_modules_next_dist_115brz8._.js:2477
[  421130ms] [ERROR] WebSocket connection to 'wss://example.supabase.co/realtime/v1/websocket?apikey=dummy&vsn=2.0.0' failed: Error in connection establishment: net::ERR_NAME_NOT_RESOLVED @ http://localhost:3123/_next/static/chunks/node_modules_097we~m._.js:8551
[  421838ms] [ERROR] Failed to load resource: the server responded with a status of 500 (Internal Server Error) @ http://localhost:3123/dev-conversas:0
[  422151ms] [INFO] %cDownload the React DevTools for a better development experience: https://react.dev/link/react-devtools font-weight:bold @ http://localhost:3123/_next/static/chunks/node_modules_next_dist_115brz8._.js:2477
[  422214ms] [LOG] [HMR] connected @ http://localhost:3123/_next/static/chunks/node_modules_next_dist_115brz8._.js:2477
[  423218ms] [INFO] %cDownload the React DevTools for a better development experience: https://react.dev/link/react-devtools font-weight:bold @ http://localhost:3123/_next/static/chunks/node_modules_next_dist_115brz8._.js:2477
[  423258ms] [LOG] [HMR] connected @ http://localhost:3123/_next/static/chunks/node_modules_next_dist_115brz8._.js:2477
[  423461ms] [ERROR] WebSocket connection to 'wss://example.supabase.co/realtime/v1/websocket?apikey=dummy&vsn=2.0.0' failed: Error in connection establishment: net::ERR_NAME_NOT_RESOLVED @ http://localhost:3123/_next/static/chunks/node_modules_097we~m._.js:8551
[  424271ms] [INFO] %cDownload the React DevTools for a better development experience: https://react.dev/link/react-devtools font-weight:bold @ http://localhost:3123/_next/static/chunks/node_modules_next_dist_115brz8._.js:2477
[  424387ms] [LOG] [HMR] connected @ http://localhost:3123/_next/static/chunks/node_modules_next_dist_115brz8._.js:2477
[  424591ms] [ERROR] WebSocket connection to 'wss://example.supabase.co/realtime/v1/websocket?apikey=dummy&vsn=2.0.0' failed: Error in connection establishment: net::ERR_NAME_NOT_RESOLVED @ http://localhost:3123/_next/static/chunks/node_modules_097we~m._.js:8551
[  425105ms] [ERROR] Failed to load resource: the server responded with a status of 500 (Internal Server Error) @ http://localhost:3123/dev-conversas:0
[  425758ms] [ERROR] WebSocket connection to 'wss://example.supabase.co/realtime/v1/websocket?apikey=dummy&vsn=2.0.0' failed: Error in connection establishment: net::ERR_NAME_NOT_RESOLVED @ http://localhost:3123/_next/static/chunks/node_modules_097we~m._.js:8551
[  426770ms] [LOG] [HMR] connected @ http://localhost:3123/_next/static/chunks/node_modules_next_dist_115brz8._.js:2477
[  427039ms] [INFO] %cDownload the React DevTools for a better development experience: https://react.dev/link/react-devtools font-weight:bold @ http://localhost:3123/_next/static/chunks/node_modules_next_dist_115brz8._.js:2477
[  427133ms] [LOG] [HMR] connected @ http://localhost:3123/_next/static/chunks/node_modules_next_dist_115brz8._.js:2477
[  427293ms] [ERROR] WebSocket connection to 'wss://example.supabase.co/realtime/v1/websocket?apikey=dummy&vsn=2.0.0' failed: Error in connection establishment: net::ERR_NAME_NOT_RESOLVED @ http://localhost:3123/_next/static/chunks/node_modules_097we~m._.js:8551
[  427835ms] [ERROR] Failed to load resource: the server responded with a status of 500 (Internal Server Error) @ http://localhost:3123/dev-conversas:0
[  428776ms] [INFO] %cDownload the React DevTools for a better development experience: https://react.dev/link/react-devtools font-weight:bold @ http://localhost:3123/_next/static/chunks/node_modules_next_dist_115brz8._.js:2477
[  428875ms] [LOG] [HMR] connected @ http://localhost:3123/_next/static/chunks/node_modules_next_dist_115brz8._.js:2477
[  429186ms] [ERROR] WebSocket connection to 'wss://example.supabase.co/realtime/v1/websocket?apikey=dummy&vsn=2.0.0' failed: Error in connection establishment: net::ERR_NAME_NOT_RESOLVED @ http://localhost:3123/_next/static/chunks/node_modules_097we~m._.js:8551
[  429455ms] [INFO] %cDownload the React DevTools for a better development experience: https://react.dev/link/react-devtools font-weight:bold @ http://localhost:3123/_next/static/chunks/node_modules_next_dist_115brz8._.js:2477
[  429546ms] [LOG] [HMR] connected @ http://localhost:3123/_next/static/chunks/node_modules_next_dist_115brz8._.js:2477
[  429752ms] [ERROR] WebSocket connection to 'wss://example.supabase.co/realtime/v1/websocket?apikey=dummy&vsn=2.0.0' failed: Error in connection establishment: net::ERR_NAME_NOT_RESOLVED @ http://localhost:3123/_next/static/chunks/node_modules_097we~m._.js:8551
[  430346ms] [ERROR] Failed to load resource: the server responded with a status of 500 (Internal Server Error) @ http://localhost:3123/dev-conversas:0
[  431266ms] [INFO] %cDownload the React DevTools for a better development experience: https://react.dev/link/react-devtools font-weight:bold @ http://localhost:3123/_next/static/chunks/node_modules_next_dist_115brz8._.js:2477
[  431352ms] [LOG] [HMR] connected @ http://localhost:3123/_next/static/chunks/node_modules_next_dist_115brz8._.js:2477
[  431538ms] [ERROR] WebSocket connection to 'wss://example.supabase.co/realtime/v1/websocket?apikey=dummy&vsn=2.0.0' failed: Error in connection establishment: net::ERR_NAME_NOT_RESOLVED @ http://localhost:3123/_next/static/chunks/node_modules_097we~m._.js:8551
[  432306ms] [INFO] %cDownload the React DevTools for a better development experience: https://react.dev/link/react-devtools font-weight:bold @ http://localhost:3123/_next/static/chunks/node_modules_next_dist_115brz8._.js:2477
[  432389ms] [LOG] [HMR] connected @ http://localhost:3123/_next/static/chunks/node_modules_next_dist_115brz8._.js:2477
[  432575ms] [ERROR] WebSocket connection to 'wss://example.supabase.co/realtime/v1/websocket?apikey=dummy&vsn=2.0.0' failed: Error in connection establishment: net::ERR_NAME_NOT_RESOLVED @ http://localhost:3123/_next/static/chunks/node_modules_097we~m._.js:8551
[  433084ms] [ERROR] Failed to load resource: the server responded with a status of 500 (Internal Server Error) @ http://localhost:3123/dev-conversas:0
[  434057ms] [INFO] %cDownload the React DevTools for a better development experience: https://react.dev/link/react-devtools font-weight:bold @ http://localhost:3123/_next/static/chunks/node_modules_next_dist_115brz8._.js:2477
[  434147ms] [LOG] [HMR] connected @ http://localhost:3123/_next/static/chunks/node_modules_next_dist_115brz8._.js:2477
[  435180ms] [INFO] %cDownload the React DevTools for a better development experience: https://react.dev/link/react-devtools font-weight:bold @ http://localhost:3123/_next/static/chunks/node_modules_next_dist_115brz8._.js:2477
[  435289ms] [LOG] [HMR] connected @ http://localhost:3123/_next/static/chunks/node_modules_next_dist_115brz8._.js:2477
[  435452ms] [ERROR] WebSocket connection to 'wss://example.supabase.co/realtime/v1/websocket?apikey=dummy&vsn=2.0.0' failed: Error in connection establishment: net::ERR_NAME_NOT_RESOLVED @ http://localhost:3123/_next/static/chunks/node_modules_097we~m._.js:8551
[  436144ms] [ERROR] Failed to load resource: the server responded with a status of 500 (Internal Server Error) @ http://localhost:3123/dev-conversas:0
[  436507ms] [INFO] %cDownload the React DevTools for a better development experience: https://react.dev/link/react-devtools font-weight:bold @ http://localhost:3123/_next/static/chunks/node_modules_next_dist_115brz8._.js:2477
[  436560ms] [LOG] [HMR] connected @ http://localhost:3123/_next/static/chunks/node_modules_next_dist_115brz8._.js:2477
[  436757ms] [ERROR] WebSocket connection to 'wss://example.supabase.co/realtime/v1/websocket?apikey=dummy&vsn=2.0.0' failed: Error in connection establishment: net::ERR_NAME_NOT_RESOLVED @ http://localhost:3123/_next/static/chunks/node_modules_097we~m._.js:8551
[  437628ms] [INFO] %cDownload the React DevTools for a better development experience: https://react.dev/link/react-devtools font-weight:bold @ http://localhost:3123/_next/static/chunks/node_modules_next_dist_115brz8._.js:2477
[  437726ms] [LOG] [HMR] connected @ http://localhost:3123/_next/static/chunks/node_modules_next_dist_115brz8._.js:2477
[  438218ms] [INFO] %cDownload the React DevTools for a better development experience: https://react.dev/link/react-devtools font-weight:bold @ http://localhost:3123/_next/static/chunks/node_modules_next_dist_115brz8._.js:2477
[  438256ms] [LOG] [HMR] connected @ http://localhost:3123/_next/static/chunks/node_modules_next_dist_115brz8._.js:2477
[  438454ms] [ERROR] WebSocket connection to 'wss://example.supabase.co/realtime/v1/websocket?apikey=dummy&vsn=2.0.0' failed: Error in connection establishment: net::ERR_NAME_NOT_RESOLVED @ http://localhost:3123/_next/static/chunks/node_modules_097we~m._.js:8551
[  439329ms] [INFO] %cDownload the React DevTools for a better development experience: https://react.dev/link/react-devtools font-weight:bold @ http://localhost:3123/_next/static/chunks/node_modules_next_dist_115brz8._.js:2477
[  439369ms] [LOG] [HMR] connected @ http://localhost:3123/_next/static/chunks/node_modules_next_dist_115brz8._.js:2477
[  439586ms] [ERROR] WebSocket connection to 'wss://example.supabase.co/realtime/v1/websocket?apikey=dummy&vsn=2.0.0' failed: Error in connection establishment: net::ERR_NAME_NOT_RESOLVED @ http://localhost:3123/_next/static/chunks/node_modules_097we~m._.js:8551
[  440402ms] [INFO] %cDownload the React DevTools for a better development experience: https://react.dev/link/react-devtools font-weight:bold @ http://localhost:3123/_next/static/chunks/node_modules_next_dist_115brz8._.js:2477
[  440450ms] [LOG] [HMR] connected @ http://localhost:3123/_next/static/chunks/node_modules_next_dist_115brz8._.js:2477
[  440629ms] [ERROR] WebSocket connection to 'wss://example.supabase.co/realtime/v1/websocket?apikey=dummy&vsn=2.0.0' failed: Error in connection establishment: net::ERR_NAME_NOT_RESOLVED @ http://localhost:3123/_next/static/chunks/node_modules_097we~m._.js:8551
[  441128ms] [ERROR] Failed to load resource: the server responded with a status of 500 (Internal Server Error) @ http://localhost:3123/dev-conversas:0
[  442268ms] [INFO] %cDownload the React DevTools for a better development experience: https://react.dev/link/react-devtools font-weight:bold @ http://localhost:3123/_next/static/chunks/node_modules_next_dist_115brz8._.js:2477
[  442425ms] [LOG] [HMR] connected @ http://localhost:3123/_next/static/chunks/node_modules_next_dist_115brz8._.js:2477
[  442618ms] [ERROR] WebSocket connection to 'wss://example.supabase.co/realtime/v1/websocket?apikey=dummy&vsn=2.0.0' failed: Error in connection establishment: net::ERR_NAME_NOT_RESOLVED @ http://localhost:3123/_next/static/chunks/node_modules_097we~m._.js:8551
[  443541ms] [INFO] %cDownload the React DevTools for a better development experience: https://react.dev/link/react-devtools font-weight:bold @ http://localhost:3123/_next/static/chunks/node_modules_next_dist_115brz8._.js:2477
[  443624ms] [LOG] [HMR] connected @ http://localhost:3123/_next/static/chunks/node_modules_next_dist_115brz8._.js:2477
[  444631ms] [INFO] %cDownload the React DevTools for a better development experience: https://react.dev/link/react-devtools font-weight:bold @ http://localhost:3123/_next/static/chunks/node_modules_next_dist_115brz8._.js:2477
[  444744ms] [LOG] [HMR] connected @ http://localhost:3123/_next/static/chunks/node_modules_next_dist_115brz8._.js:2477
[  445008ms] [ERROR] WebSocket connection to 'wss://example.supabase.co/realtime/v1/websocket?apikey=dummy&vsn=2.0.0' failed: Error in connection establishment: net::ERR_NAME_NOT_RESOLVED @ http://localhost:3123/_next/static/chunks/node_modules_097we~m._.js:8551
[  445943ms] [INFO] %cDownload the React DevTools for a better development experience: https://react.dev/link/react-devtools font-weight:bold @ http://localhost:3123/_next/static/chunks/node_modules_next_dist_115brz8._.js:2477
[  445966ms] [LOG] [HMR] connected @ http://localhost:3123/_next/static/chunks/node_modules_next_dist_115brz8._.js:2477
[  446135ms] [ERROR] WebSocket connection to 'wss://example.supabase.co/realtime/v1/websocket?apikey=dummy&vsn=2.0.0' failed: Error in connection establishment: net::ERR_NAME_NOT_RESOLVED @ http://localhost:3123/_next/static/chunks/node_modules_097we~m._.js:8551
[  446657ms] [ERROR] Failed to load resource: the server responded with a status of 500 (Internal Server Error) @ http://localhost:3123/dev-conversas:0
[  446919ms] [INFO] %cDownload the React DevTools for a better development experience: https://react.dev/link/react-devtools font-weight:bold @ http://localhost:3123/_next/static/chunks/node_modules_next_dist_115brz8._.js:2477
[  446961ms] [LOG] [HMR] connected @ http://localhost:3123/_next/static/chunks/node_modules_next_dist_115brz8._.js:2477
[  447155ms] [ERROR] WebSocket connection to 'wss://example.supabase.co/realtime/v1/websocket?apikey=dummy&vsn=2.0.0' failed: Error in connection establishment: net::ERR_NAME_NOT_RESOLVED @ http://localhost:3123/_next/static/chunks/node_modules_097we~m._.js:8551
[  448137ms] [INFO] %cDownload the React DevTools for a better development experience: https://react.dev/link/react-devtools font-weight:bold @ http://localhost:3123/_next/static/chunks/node_modules_next_dist_115brz8._.js:2477
[  448194ms] [LOG] [HMR] connected @ http://localhost:3123/_next/static/chunks/node_modules_next_dist_115brz8._.js:2477
[  448381ms] [ERROR] WebSocket connection to 'wss://example.supabase.co/realtime/v1/websocket?apikey=dummy&vsn=2.0.0' failed: Error in connection establishment: net::ERR_NAME_NOT_RESOLVED @ http://localhost:3123/_next/static/chunks/node_modules_097we~m._.js:8551
[  448885ms] [ERROR] Failed to load resource: the server responded with a status of 500 (Internal Server Error) @ http://localhost:3123/dev-conversas:0
[  449745ms] [INFO] %cDownload the React DevTools for a better development experience: https://react.dev/link/react-devtools font-weight:bold @ http://localhost:3123/_next/static/chunks/node_modules_next_dist_115brz8._.js:2477
[  449838ms] [LOG] [HMR] connected @ http://localhost:3123/_next/static/chunks/node_modules_next_dist_115brz8._.js:2477
[  450037ms] [ERROR] WebSocket connection to 'wss://example.supabase.co/realtime/v1/websocket?apikey=dummy&vsn=2.0.0' failed: Error in connection establishment: net::ERR_NAME_NOT_RESOLVED @ http://localhost:3123/_next/static/chunks/node_modules_097we~m._.js:8551
[  450696ms] [ERROR] Failed to load resource: the server responded with a status of 500 (Internal Server Error) @ http://localhost:3123/dev-conversas:0
[  451617ms] [INFO] %cDownload the React DevTools for a better development experience: https://react.dev/link/react-devtools font-weight:bold @ http://localhost:3123/_next/static/chunks/node_modules_next_dist_115brz8._.js:2477
[  451703ms] [LOG] [HMR] connected @ http://localhost:3123/_next/static/chunks/node_modules_next_dist_115brz8._.js:2477
[  451849ms] [ERROR] WebSocket connection to 'wss://example.supabase.co/realtime/v1/websocket?apikey=dummy&vsn=2.0.0' failed: Error in connection establishment: net::ERR_NAME_NOT_RESOLVED @ http://localhost:3123/_next/static/chunks/node_modules_097we~m._.js:8551
[  452328ms] [ERROR] Failed to load resource: the server responded with a status of 500 (Internal Server Error) @ http://localhost:3123/dev-conversas:0
[  453262ms] [INFO] %cDownload the React DevTools for a better development experience: https://react.dev/link/react-devtools font-weight:bold @ http://localhost:3123/_next/static/chunks/node_modules_next_dist_115brz8._.js:2477
[  453303ms] [LOG] [HMR] connected @ http://localhost:3123/_next/static/chunks/node_modules_next_dist_115brz8._.js:2477
[  453482ms] [ERROR] WebSocket connection to 'wss://example.supabase.co/realtime/v1/websocket?apikey=dummy&vsn=2.0.0' failed: Error in connection establishment: net::ERR_NAME_NOT_RESOLVED @ http://localhost:3123/_next/static/chunks/node_modules_097we~m._.js:8551
[  454174ms] [ERROR] Failed to load resource: the server responded with a status of 500 (Internal Server Error) @ http://localhost:3123/dev-conversas:0
[  454581ms] [ERROR] WebSocket connection to 'wss://example.supabase.co/realtime/v1/websocket?apikey=dummy&vsn=2.0.0' failed: Error in connection establishment: net::ERR_NAME_NOT_RESOLVED @ http://localhost:3123/_next/static/chunks/node_modules_097we~m._.js:8551
[  454957ms] [ERROR] Failed to load resource: the server responded with a status of 500 (Internal Server Error) @ http://localhost:3123/dev-conversas:0
[  455558ms] [INFO] %cDownload the React DevTools for a better development experience: https://react.dev/link/react-devtools font-weight:bold @ http://localhost:3123/_next/static/chunks/node_modules_next_dist_115brz8._.js:2477
[  455612ms] [LOG] [HMR] connected @ http://localhost:3123/_next/static/chunks/node_modules_next_dist_115brz8._.js:2477
[  455829ms] [ERROR] WebSocket connection to 'wss://example.supabase.co/realtime/v1/websocket?apikey=dummy&vsn=2.0.0' failed: Error in connection establishment: net::ERR_NAME_NOT_RESOLVED @ http://localhost:3123/_next/static/chunks/node_modules_097we~m._.js:8551
[  456342ms] [ERROR] Failed to load resource: the server responded with a status of 500 (Internal Server Error) @ http://localhost:3123/dev-conversas:0
[  457074ms] [INFO] %cDownload the React DevTools for a better development experience: https://react.dev/link/react-devtools font-weight:bold @ http://localhost:3123/_next/static/chunks/node_modules_next_dist_115brz8._.js:2477
[  457124ms] [LOG] [HMR] connected @ http://localhost:3123/_next/static/chunks/node_modules_next_dist_115brz8._.js:2477
[  457296ms] [ERROR] WebSocket connection to 'wss://example.supabase.co/realtime/v1/websocket?apikey=dummy&vsn=2.0.0' failed: Error in connection establishment: net::ERR_NAME_NOT_RESOLVED @ http://localhost:3123/_next/static/chunks/node_modules_097we~m._.js:8551
[  457835ms] [ERROR] Failed to load resource: the server responded with a status of 500 (Internal Server Error) @ http://localhost:3123/dev-conversas:0
[  458521ms] [INFO] %cDownload the React DevTools for a better development experience: https://react.dev/link/react-devtools font-weight:bold @ http://localhost:3123/_next/static/chunks/node_modules_next_dist_115brz8._.js:2477
[  458618ms] [LOG] [HMR] connected @ http://localhost:3123/_next/static/chunks/node_modules_next_dist_115brz8._.js:2477
[  458876ms] [ERROR] WebSocket connection to 'wss://example.supabase.co/realtime/v1/websocket?apikey=dummy&vsn=2.0.0' failed: Error in connection establishment: net::ERR_NAME_NOT_RESOLVED @ http://localhost:3123/_next/static/chunks/node_modules_097we~m._.js:8551
[  459463ms] [ERROR] Failed to load resource: the server responded with a status of 500 (Internal Server Error) @ http://localhost:3123/dev-conversas:0
[  460399ms] [INFO] %cDownload the React DevTools for a better development experience: https://react.dev/link/react-devtools font-weight:bold @ http://localhost:3123/_next/static/chunks/node_modules_next_dist_115brz8._.js:2477
[  460466ms] [LOG] [HMR] connected @ http://localhost:3123/_next/static/chunks/node_modules_next_dist_115brz8._.js:2477
[  460711ms] [ERROR] WebSocket connection to 'wss://example.supabase.co/realtime/v1/websocket?apikey=dummy&vsn=2.0.0' failed: Error in connection establishment: net::ERR_NAME_NOT_RESOLVED @ http://localhost:3123/_next/static/chunks/node_modules_097we~m._.js:8551
[  461442ms] [ERROR] Failed to load resource: the server responded with a status of 500 (Internal Server Error) @ http://localhost:3123/dev-conversas:0
[  462346ms] [INFO] %cDownload the React DevTools for a better development experience: https://react.dev/link/react-devtools font-weight:bold @ http://localhost:3123/_next/static/chunks/node_modules_next_dist_115brz8._.js:2477
[  462420ms] [LOG] [HMR] connected @ http://localhost:3123/_next/static/chunks/node_modules_next_dist_115brz8._.js:2477
[  462632ms] [ERROR] WebSocket connection to 'wss://example.supabase.co/realtime/v1/websocket?apikey=dummy&vsn=2.0.0' failed: Error in connection establishment: net::ERR_NAME_NOT_RESOLVED @ http://localhost:3123/_next/static/chunks/node_modules_097we~m._.js:8551
[  463104ms] [ERROR] Failed to load resource: the server responded with a status of 500 (Internal Server Error) @ http://localhost:3123/dev-conversas:0
[  464209ms] [INFO] %cDownload the React DevTools for a better development experience: https://react.dev/link/react-devtools font-weight:bold @ http://localhost:3123/_next/static/chunks/node_modules_next_dist_115brz8._.js:2477
[  464310ms] [LOG] [HMR] connected @ http://localhost:3123/_next/static/chunks/node_modules_next_dist_115brz8._.js:2477
[  464480ms] [ERROR] WebSocket connection to 'wss://example.supabase.co/realtime/v1/websocket?apikey=dummy&vsn=2.0.0' failed: Error in connection establishment: net::ERR_NAME_NOT_RESOLVED @ http://localhost:3123/_next/static/chunks/node_modules_097we~m._.js:8551
[  465251ms] [ERROR] Failed to load resource: the server responded with a status of 500 (Internal Server Error) @ http://localhost:3123/dev-conversas:0
[  466183ms] [INFO] %cDownload the React DevTools for a better development experience: https://react.dev/link/react-devtools font-weight:bold @ http://localhost:3123/_next/static/chunks/node_modules_next_dist_115brz8._.js:2477
[  466272ms] [LOG] [HMR] connected @ http://localhost:3123/_next/static/chunks/node_modules_next_dist_115brz8._.js:2477
[  466442ms] [ERROR] WebSocket connection to 'wss://example.supabase.co/realtime/v1/websocket?apikey=dummy&vsn=2.0.0' failed: Error in connection establishment: net::ERR_NAME_NOT_RESOLVED @ http://localhost:3123/_next/static/chunks/node_modules_097we~m._.js:8551
[  467028ms] [ERROR] Failed to load resource: the server responded with a status of 500 (Internal Server Error) @ http://localhost:3123/dev-conversas:0
[  467537ms] [ERROR] WebSocket connection to 'wss://example.supabase.co/realtime/v1/websocket?apikey=dummy&vsn=2.0.0' failed: Error in connection establishment: net::ERR_NAME_NOT_RESOLVED @ http://localhost:3123/_next/static/chunks/node_modules_097we~m._.js:8551
[  467798ms] [ERROR] Failed to load resource: the server responded with a status of 500 (Internal Server Error) @ http://localhost:3123/dev-conversas:0
[  468386ms] [INFO] %cDownload the React DevTools for a better development experience: https://react.dev/link/react-devtools font-weight:bold @ http://localhost:3123/_next/static/chunks/node_modules_next_dist_115brz8._.js:2477
[  468442ms] [LOG] [HMR] connected @ http://localhost:3123/_next/static/chunks/node_modules_next_dist_115brz8._.js:2477
[  468616ms] [ERROR] WebSocket connection to 'wss://example.supabase.co/realtime/v1/websocket?apikey=dummy&vsn=2.0.0' failed: Error in connection establishment: net::ERR_NAME_NOT_RESOLVED @ http://localhost:3123/_next/static/chunks/node_modules_097we~m._.js:8551
[  469178ms] [ERROR] Failed to load resource: the server responded with a status of 500 (Internal Server Error) @ http://localhost:3123/dev-conversas:0
[  469706ms] [ERROR] WebSocket connection to 'wss://example.supabase.co/realtime/v1/websocket?apikey=dummy&vsn=2.0.0' failed: Error in connection establishment: net::ERR_NAME_NOT_RESOLVED @ http://localhost:3123/_next/static/chunks/node_modules_097we~m._.js:8551
[  469835ms] [ERROR] Failed to load resource: the server responded with a status of 500 (Internal Server Error) @ http://localhost:3123/dev-conversas:0
[  470573ms] [ERROR] Failed to load resource: the server responded with a status of 500 (Internal Server Error) @ http://localhost:3123/dev-conversas:0
[  471147ms] [INFO] %cDownload the React DevTools for a better development experience: https://react.dev/link/react-devtools font-weight:bold @ http://localhost:3123/_next/static/chunks/node_modules_next_dist_115brz8._.js:2477
[  471210ms] [LOG] [HMR] connected @ http://localhost:3123/_next/static/chunks/node_modules_next_dist_115brz8._.js:2477
[  471369ms] [ERROR] WebSocket connection to 'wss://example.supabase.co/realtime/v1/websocket?apikey=dummy&vsn=2.0.0' failed: Error in connection establishment: net::ERR_NAME_NOT_RESOLVED @ http://localhost:3123/_next/static/chunks/node_modules_097we~m._.js:8551
[  472005ms] [ERROR] Failed to load resource: the server responded with a status of 500 (Internal Server Error) @ http://localhost:3123/dev-conversas:0
[  472461ms] [ERROR] WebSocket connection to 'wss://example.supabase.co/realtime/v1/websocket?apikey=dummy&vsn=2.0.0' failed: Error in connection establishment: net::ERR_NAME_NOT_RESOLVED @ http://localhost:3123/_next/static/chunks/node_modules_097we~m._.js:8551
[  473760ms] [LOG] [HMR] connected @ http://localhost:3123/_next/static/chunks/node_modules_next_dist_115brz8._.js:2477
[  474374ms] [ERROR] Failed to load resource: the server responded with a status of 500 (Internal Server Error) @ http://localhost:3123/dev-conversas:0
[  475016ms] [INFO] %cDownload the React DevTools for a better development experience: https://react.dev/link/react-devtools font-weight:bold @ http://localhost:3123/_next/static/chunks/node_modules_next_dist_115brz8._.js:2477
[  475090ms] [LOG] [HMR] connected @ http://localhost:3123/_next/static/chunks/node_modules_next_dist_115brz8._.js:2477
[  476169ms] [INFO] %cDownload the React DevTools for a better development experience: https://react.dev/link/react-devtools font-weight:bold @ http://localhost:3123/_next/static/chunks/node_modules_next_dist_115brz8._.js:2477
[  476220ms] [LOG] [HMR] connected @ http://localhost:3123/_next/static/chunks/node_modules_next_dist_115brz8._.js:2477
[  476404ms] [ERROR] WebSocket connection to 'wss://example.supabase.co/realtime/v1/websocket?apikey=dummy&vsn=2.0.0' failed: Error in connection establishment: net::ERR_NAME_NOT_RESOLVED @ http://localhost:3123/_next/static/chunks/node_modules_097we~m._.js:8551
[  476877ms] [ERROR] Failed to load resource: the server responded with a status of 500 (Internal Server Error) @ http://localhost:3123/dev-conversas:0
[  477855ms] [INFO] %cDownload the React DevTools for a better development experience: https://react.dev/link/react-devtools font-weight:bold @ http://localhost:3123/_next/static/chunks/node_modules_next_dist_115brz8._.js:2477
[  477919ms] [LOG] [HMR] connected @ http://localhost:3123/_next/static/chunks/node_modules_next_dist_115brz8._.js:2477
[  478118ms] [ERROR] WebSocket connection to 'wss://example.supabase.co/realtime/v1/websocket?apikey=dummy&vsn=2.0.0' failed: Error in connection establishment: net::ERR_NAME_NOT_RESOLVED @ http://localhost:3123/_next/static/chunks/node_modules_097we~m._.js:8551
[  478643ms] [ERROR] Failed to load resource: the server responded with a status of 500 (Internal Server Error) @ http://localhost:3123/dev-conversas:0
[  479531ms] [INFO] %cDownload the React DevTools for a better development experience: https://react.dev/link/react-devtools font-weight:bold @ http://localhost:3123/_next/static/chunks/node_modules_next_dist_115brz8._.js:2477
[  479575ms] [LOG] [HMR] connected @ http://localhost:3123/_next/static/chunks/node_modules_next_dist_115brz8._.js:2477
[  479771ms] [ERROR] WebSocket connection to 'wss://example.supabase.co/realtime/v1/websocket?apikey=dummy&vsn=2.0.0' failed: Error in connection establishment: net::ERR_NAME_NOT_RESOLVED @ http://localhost:3123/_next/static/chunks/node_modules_097we~m._.js:8551
[  480381ms] [ERROR] Failed to load resource: the server responded with a status of 500 (Internal Server Error) @ http://localhost:3123/dev-conversas:0
[  480801ms] [INFO] %cDownload the React DevTools for a better development experience: https://react.dev/link/react-devtools font-weight:bold @ http://localhost:3123/_next/static/chunks/node_modules_next_dist_115brz8._.js:2477
[  480849ms] [LOG] [HMR] connected @ http://localhost:3123/_next/static/chunks/node_modules_next_dist_115brz8._.js:2477
[  481061ms] [ERROR] WebSocket connection to 'wss://example.supabase.co/realtime/v1/websocket?apikey=dummy&vsn=2.0.0' failed: Error in connection establishment: net::ERR_NAME_NOT_RESOLVED @ http://localhost:3123/_next/static/chunks/node_modules_097we~m._.js:8551
[  481612ms] [ERROR] Failed to load resource: the server responded with a status of 500 (Internal Server Error) @ http://localhost:3123/dev-conversas:0
[  482151ms] [ERROR] WebSocket connection to 'wss://example.supabase.co/realtime/v1/websocket?apikey=dummy&vsn=2.0.0' failed: Error in connection establishment: net::ERR_NAME_NOT_RESOLVED @ http://localhost:3123/_next/static/chunks/node_modules_097we~m._.js:8551
[  482478ms] [ERROR] Failed to load resource: the server responded with a status of 500 (Internal Server Error) @ http://localhost:3123/dev-conversas:0
[  482896ms] [INFO] %cDownload the React DevTools for a better development experience: https://react.dev/link/react-devtools font-weight:bold @ http://localhost:3123/_next/static/chunks/node_modules_next_dist_115brz8._.js:2477
[  482974ms] [LOG] [HMR] connected @ http://localhost:3123/_next/static/chunks/node_modules_next_dist_115brz8._.js:2477
[  483200ms] [ERROR] WebSocket connection to 'wss://example.supabase.co/realtime/v1/websocket?apikey=dummy&vsn=2.0.0' failed: Error in connection establishment: net::ERR_NAME_NOT_RESOLVED @ http://localhost:3123/_next/static/chunks/node_modules_097we~m._.js:8551
[  483697ms] [ERROR] Failed to load resource: the server responded with a status of 500 (Internal Server Error) @ http://localhost:3123/dev-conversas:0
[  484821ms] [INFO] %cDownload the React DevTools for a better development experience: https://react.dev/link/react-devtools font-weight:bold @ http://localhost:3123/_next/static/chunks/node_modules_next_dist_115brz8._.js:2477
[  484892ms] [LOG] [HMR] connected @ http://localhost:3123/_next/static/chunks/node_modules_next_dist_115brz8._.js:2477
[  485115ms] [ERROR] WebSocket connection to 'wss://example.supabase.co/realtime/v1/websocket?apikey=dummy&vsn=2.0.0' failed: Error in connection establishment: net::ERR_NAME_NOT_RESOLVED @ http://localhost:3123/_next/static/chunks/node_modules_097we~m._.js:8551
[  485661ms] [ERROR] Failed to load resource: the server responded with a status of 500 (Internal Server Error) @ http://localhost:3123/dev-conversas:0
[  486543ms] [INFO] %cDownload the React DevTools for a better development experience: https://react.dev/link/react-devtools font-weight:bold @ http://localhost:3123/_next/static/chunks/node_modules_next_dist_115brz8._.js:2477
[  486692ms] [LOG] [HMR] connected @ http://localhost:3123/_next/static/chunks/node_modules_next_dist_115brz8._.js:2477
[  486901ms] [ERROR] WebSocket connection to 'wss://example.supabase.co/realtime/v1/websocket?apikey=dummy&vsn=2.0.0' failed: Error in connection establishment: net::ERR_NAME_NOT_RESOLVED @ http://localhost:3123/_next/static/chunks/node_modules_097we~m._.js:8551
[  487352ms] [ERROR] Failed to load resource: the server responded with a status of 500 (Internal Server Error) @ http://localhost:3123/dev-conversas:0
[  488295ms] [INFO] %cDownload the React DevTools for a better development experience: https://react.dev/link/react-devtools font-weight:bold @ http://localhost:3123/_next/static/chunks/node_modules_next_dist_115brz8._.js:2477
[  488323ms] [LOG] [HMR] connected @ http://localhost:3123/_next/static/chunks/node_modules_next_dist_115brz8._.js:2477
[  488504ms] [ERROR] WebSocket connection to 'wss://example.supabase.co/realtime/v1/websocket?apikey=dummy&vsn=2.0.0' failed: Error in connection establishment: net::ERR_NAME_NOT_RESOLVED @ http://localhost:3123/_next/static/chunks/node_modules_097we~m._.js:8551
[  489067ms] [ERROR] Failed to load resource: the server responded with a status of 500 (Internal Server Error) @ http://localhost:3123/dev-conversas:0
[  490010ms] [INFO] %cDownload the React DevTools for a better development experience: https://react.dev/link/react-devtools font-weight:bold @ http://localhost:3123/_next/static/chunks/node_modules_next_dist_115brz8._.js:2477
[  490117ms] [LOG] [HMR] connected @ http://localhost:3123/_next/static/chunks/node_modules_next_dist_115brz8._.js:2477
[  490321ms] [ERROR] WebSocket connection to 'wss://example.supabase.co/realtime/v1/websocket?apikey=dummy&vsn=2.0.0' failed: Error in connection establishment: net::ERR_NAME_NOT_RESOLVED @ http://localhost:3123/_next/static/chunks/node_modules_097we~m._.js:8551
[  490906ms] [ERROR] Failed to load resource: the server responded with a status of 500 (Internal Server Error) @ http://localhost:3123/dev-conversas:0
[  491773ms] [INFO] %cDownload the React DevTools for a better development experience: https://react.dev/link/react-devtools font-weight:bold @ http://localhost:3123/_next/static/chunks/node_modules_next_dist_115brz8._.js:2477
[  491807ms] [LOG] [HMR] connected @ http://localhost:3123/_next/static/chunks/node_modules_next_dist_115brz8._.js:2477
[  492004ms] [ERROR] WebSocket connection to 'wss://example.supabase.co/realtime/v1/websocket?apikey=dummy&vsn=2.0.0' failed: Error in connection establishment: net::ERR_NAME_NOT_RESOLVED @ http://localhost:3123/_next/static/chunks/node_modules_097we~m._.js:8551
[  492626ms] [ERROR] Failed to load resource: the server responded with a status of 500 (Internal Server Error) @ http://localhost:3123/dev-conversas:0
[  493443ms] [INFO] %cDownload the React DevTools for a better development experience: https://react.dev/link/react-devtools font-weight:bold @ http://localhost:3123/_next/static/chunks/node_modules_next_dist_115brz8._.js:2477
[  493544ms] [LOG] [HMR] connected @ http://localhost:3123/_next/static/chunks/node_modules_next_dist_115brz8._.js:2477
[  493813ms] [ERROR] WebSocket connection to 'wss://example.supabase.co/realtime/v1/websocket?apikey=dummy&vsn=2.0.0' failed: Error in connection establishment: net::ERR_NAME_NOT_RESOLVED @ http://localhost:3123/_next/static/chunks/node_modules_097we~m._.js:8551
[  494359ms] [ERROR] Failed to load resource: the server responded with a status of 500 (Internal Server Error) @ http://localhost:3123/dev-conversas:0
[  495355ms] [INFO] %cDownload the React DevTools for a better development experience: https://react.dev/link/react-devtools font-weight:bold @ http://localhost:3123/_next/static/chunks/node_modules_next_dist_115brz8._.js:2477
[  495450ms] [LOG] [HMR] connected @ http://localhost:3123/_next/static/chunks/node_modules_next_dist_115brz8._.js:2477
[  495621ms] [ERROR] WebSocket connection to 'wss://example.supabase.co/realtime/v1/websocket?apikey=dummy&vsn=2.0.0' failed: Error in connection establishment: net::ERR_NAME_NOT_RESOLVED @ http://localhost:3123/_next/static/chunks/node_modules_097we~m._.js:8551
[  496137ms] [ERROR] Failed to load resource: the server responded with a status of 500 (Internal Server Error) @ http://localhost:3123/dev-conversas:0
[  497113ms] [INFO] %cDownload the React DevTools for a better development experience: https://react.dev/link/react-devtools font-weight:bold @ http://localhost:3123/_next/static/chunks/node_modules_next_dist_115brz8._.js:2477
[  497177ms] [LOG] [HMR] connected @ http://localhost:3123/_next/static/chunks/node_modules_next_dist_115brz8._.js:2477
[  497354ms] [ERROR] WebSocket connection to 'wss://example.supabase.co/realtime/v1/websocket?apikey=dummy&vsn=2.0.0' failed: Error in connection establishment: net::ERR_NAME_NOT_RESOLVED @ http://localhost:3123/_next/static/chunks/node_modules_097we~m._.js:8551
[  497860ms] [ERROR] Failed to load resource: the server responded with a status of 500 (Internal Server Error) @ http://localhost:3123/dev-conversas:0
[  498999ms] [INFO] %cDownload the React DevTools for a better development experience: https://react.dev/link/react-devtools font-weight:bold @ http://localhost:3123/_next/static/chunks/node_modules_next_dist_115brz8._.js:2477
[  499029ms] [LOG] [HMR] connected @ http://localhost:3123/_next/static/chunks/node_modules_next_dist_115brz8._.js:2477
[  499205ms] [ERROR] WebSocket connection to 'wss://example.supabase.co/realtime/v1/websocket?apikey=dummy&vsn=2.0.0' failed: Error in connection establishment: net::ERR_NAME_NOT_RESOLVED @ http://localhost:3123/_next/static/chunks/node_modules_097we~m._.js:8551
[  499679ms] [ERROR] Failed to load resource: the server responded with a status of 500 (Internal Server Error) @ http://localhost:3123/dev-conversas:0
[  500707ms] [INFO] %cDownload the React DevTools for a better development experience: https://react.dev/link/react-devtools font-weight:bold @ http://localhost:3123/_next/static/chunks/node_modules_next_dist_115brz8._.js:2477
[  500772ms] [LOG] [HMR] connected @ http://localhost:3123/_next/static/chunks/node_modules_next_dist_115brz8._.js:2477
[  501004ms] [ERROR] WebSocket connection to 'wss://example.supabase.co/realtime/v1/websocket?apikey=dummy&vsn=2.0.0' failed: Error in connection establishment: net::ERR_NAME_NOT_RESOLVED @ http://localhost:3123/_next/static/chunks/node_modules_097we~m._.js:8551
[  501518ms] [ERROR] Failed to load resource: the server responded with a status of 500 (Internal Server Error) @ http://localhost:3123/dev-conversas:0
[  502679ms] [INFO] %cDownload the React DevTools for a better development experience: https://react.dev/link/react-devtools font-weight:bold @ http://localhost:3123/_next/static/chunks/node_modules_next_dist_115brz8._.js:2477
[  502783ms] [LOG] [HMR] connected @ http://localhost:3123/_next/static/chunks/node_modules_next_dist_115brz8._.js:2477
[  503030ms] [ERROR] WebSocket connection to 'wss://example.supabase.co/realtime/v1/websocket?apikey=dummy&vsn=2.0.0' failed: Error in connection establishment: net::ERR_NAME_NOT_RESOLVED @ http://localhost:3123/_next/static/chunks/node_modules_097we~m._.js:8551
[  503634ms] [ERROR] Failed to load resource: the server responded with a status of 500 (Internal Server Error) @ http://localhost:3123/dev-conversas:0
[  505151ms] [INFO] %cDownload the React DevTools for a better development experience: https://react.dev/link/react-devtools font-weight:bold @ http://localhost:3123/_next/static/chunks/node_modules_next_dist_115brz8._.js:2477
[  505322ms] [LOG] [HMR] connected @ http://localhost:3123/_next/static/chunks/node_modules_next_dist_115brz8._.js:2477
[  505614ms] [ERROR] WebSocket connection to 'wss://example.supabase.co/realtime/v1/websocket?apikey=dummy&vsn=2.0.0' failed: Error in connection establishment: net::ERR_NAME_NOT_RESOLVED @ http://localhost:3123/_next/static/chunks/node_modules_097we~m._.js:8551
[  506578ms] [ERROR] Failed to load resource: the server responded with a status of 500 (Internal Server Error) @ http://localhost:3123/dev-conversas:0
[  506709ms] [ERROR] WebSocket connection to 'wss://example.supabase.co/realtime/v1/websocket?apikey=dummy&vsn=2.0.0' failed: Error in connection establishment: net::ERR_NAME_NOT_RESOLVED @ http://localhost:3123/_next/static/chunks/node_modules_097we~m._.js:8551
[  506759ms] [LOG] [HMR] connected @ http://localhost:3123/_next/static/chunks/node_modules_next_dist_115brz8._.js:2477
[  507175ms] [INFO] %cDownload the React DevTools for a better development experience: https://react.dev/link/react-devtools font-weight:bold @ http://localhost:3123/_next/static/chunks/node_modules_next_dist_115brz8._.js:2477
[  507231ms] [LOG] [HMR] connected @ http://localhost:3123/_next/static/chunks/node_modules_next_dist_115brz8._.js:2477
[  507443ms] [ERROR] WebSocket connection to 'wss://example.supabase.co/realtime/v1/websocket?apikey=dummy&vsn=2.0.0' failed: Error in connection establishment: net::ERR_NAME_NOT_RESOLVED @ http://localhost:3123/_next/static/chunks/node_modules_097we~m._.js:8551
[  507947ms] [ERROR] Failed to load resource: the server responded with a status of 500 (Internal Server Error) @ http://localhost:3123/dev-conversas:0
[  508533ms] [ERROR] WebSocket connection to 'wss://example.supabase.co/realtime/v1/websocket?apikey=dummy&vsn=2.0.0' failed: Error in connection establishment: net::ERR_NAME_NOT_RESOLVED @ http://localhost:3123/_next/static/chunks/node_modules_097we~m._.js:8551
[  508618ms] [ERROR] Failed to load resource: the server responded with a status of 500 (Internal Server Error) @ http://localhost:3123/dev-conversas:0
[  508977ms] [INFO] %cDownload the React DevTools for a better development experience: https://react.dev/link/react-devtools font-weight:bold @ http://localhost:3123/_next/static/chunks/node_modules_next_dist_115brz8._.js:2477
[  509072ms] [LOG] [HMR] connected @ http://localhost:3123/_next/static/chunks/node_modules_next_dist_115brz8._.js:2477
[  509454ms] [ERROR] WebSocket connection to 'wss://example.supabase.co/realtime/v1/websocket?apikey=dummy&vsn=2.0.0' failed: Error in connection establishment: net::ERR_NAME_NOT_RESOLVED @ http://localhost:3123/_next/static/chunks/node_modules_097we~m._.js:8551
[  510312ms] [INFO] %cDownload the React DevTools for a better development experience: https://react.dev/link/react-devtools font-weight:bold @ http://localhost:3123/_next/static/chunks/node_modules_next_dist_115brz8._.js:2477
[  510383ms] [LOG] [HMR] connected @ http://localhost:3123/_next/static/chunks/node_modules_next_dist_115brz8._.js:2477
[  510607ms] [ERROR] WebSocket connection to 'wss://example.supabase.co/realtime/v1/websocket?apikey=dummy&vsn=2.0.0' failed: Error in connection establishment: net::ERR_NAME_NOT_RESOLVED @ http://localhost:3123/_next/static/chunks/node_modules_097we~m._.js:8551
[  511109ms] [ERROR] Failed to load resource: the server responded with a status of 500 (Internal Server Error) @ http://localhost:3123/dev-conversas:0
[  512257ms] [INFO] %cDownload the React DevTools for a better development experience: https://react.dev/link/react-devtools font-weight:bold @ http://localhost:3123/_next/static/chunks/node_modules_next_dist_115brz8._.js:2477
[  512377ms] [LOG] [HMR] connected @ http://localhost:3123/_next/static/chunks/node_modules_next_dist_115brz8._.js:2477
[  512600ms] [ERROR] WebSocket connection to 'wss://example.supabase.co/realtime/v1/websocket?apikey=dummy&vsn=2.0.0' failed: Error in connection establishment: net::ERR_NAME_NOT_RESOLVED @ http://localhost:3123/_next/static/chunks/node_modules_097we~m._.js:8551
[  513161ms] [ERROR] Failed to load resource: the server responded with a status of 500 (Internal Server Error) @ http://localhost:3123/dev-conversas:0
[  513494ms] [INFO] %cDownload the React DevTools for a better development experience: https://react.dev/link/react-devtools font-weight:bold @ http://localhost:3123/_next/static/chunks/node_modules_next_dist_115brz8._.js:2477
[  513516ms] [LOG] [HMR] connected @ http://localhost:3123/_next/static/chunks/node_modules_next_dist_115brz8._.js:2477
[  513695ms] [ERROR] WebSocket connection to 'wss://example.supabase.co/realtime/v1/websocket?apikey=dummy&vsn=2.0.0' failed: Error in connection establishment: net::ERR_NAME_NOT_RESOLVED @ http://localhost:3123/_next/static/chunks/node_modules_097we~m._.js:8551
[  514292ms] [ERROR] Failed to load resource: the server responded with a status of 500 (Internal Server Error) @ http://localhost:3123/dev-conversas:0
[  514617ms] [INFO] %cDownload the React DevTools for a better development experience: https://react.dev/link/react-devtools font-weight:bold @ http://localhost:3123/_next/static/chunks/node_modules_next_dist_115brz8._.js:2477
[  514661ms] [LOG] [HMR] connected @ http://localhost:3123/_next/static/chunks/node_modules_next_dist_115brz8._.js:2477
[  514922ms] [ERROR] WebSocket connection to 'wss://example.supabase.co/realtime/v1/websocket?apikey=dummy&vsn=2.0.0' failed: Error in connection establishment: net::ERR_NAME_NOT_RESOLVED @ http://localhost:3123/_next/static/chunks/node_modules_097we~m._.js:8551
[  515668ms] [ERROR] Failed to load resource: the server responded with a status of 500 (Internal Server Error) @ http://localhost:3123/dev-conversas:0
[  516616ms] [INFO] %cDownload the React DevTools for a better development experience: https://react.dev/link/react-devtools font-weight:bold @ http://localhost:3123/_next/static/chunks/node_modules_next_dist_115brz8._.js:2477
[  516683ms] [LOG] [HMR] connected @ http://localhost:3123/_next/static/chunks/node_modules_next_dist_115brz8._.js:2477
[  516854ms] [ERROR] WebSocket connection to 'wss://example.supabase.co/realtime/v1/websocket?apikey=dummy&vsn=2.0.0' failed: Error in connection establishment: net::ERR_NAME_NOT_RESOLVED @ http://localhost:3123/_next/static/chunks/node_modules_097we~m._.js:8551
[  517444ms] [ERROR] Failed to load resource: the server responded with a status of 500 (Internal Server Error) @ http://localhost:3123/dev-conversas:0
[  518533ms] [INFO] %cDownload the React DevTools for a better development experience: https://react.dev/link/react-devtools font-weight:bold @ http://localhost:3123/_next/static/chunks/node_modules_next_dist_115brz8._.js:2477
[  518653ms] [LOG] [HMR] connected @ http://localhost:3123/_next/static/chunks/node_modules_next_dist_115brz8._.js:2477
[  518926ms] [ERROR] WebSocket connection to 'wss://example.supabase.co/realtime/v1/websocket?apikey=dummy&vsn=2.0.0' failed: Error in connection establishment: net::ERR_NAME_NOT_RESOLVED @ http://localhost:3123/_next/static/chunks/node_modules_097we~m._.js:8551
[  519886ms] [INFO] %cDownload the React DevTools for a better development experience: https://react.dev/link/react-devtools font-weight:bold @ http://localhost:3123/_next/static/chunks/node_modules_next_dist_115brz8._.js:2477
[  519957ms] [LOG] [HMR] connected @ http://localhost:3123/_next/static/chunks/node_modules_next_dist_115brz8._.js:2477
[  520193ms] [ERROR] WebSocket connection to 'wss://example.supabase.co/realtime/v1/websocket?apikey=dummy&vsn=2.0.0' failed: Error in connection establishment: net::ERR_NAME_NOT_RESOLVED @ http://localhost:3123/_next/static/chunks/node_modules_097we~m._.js:8551
[  520758ms] [ERROR] Failed to load resource: the server responded with a status of 500 (Internal Server Error) @ http://localhost:3123/dev-conversas:0
[  521148ms] [INFO] %cDownload the React DevTools for a better development experience: https://react.dev/link/react-devtools font-weight:bold @ http://localhost:3123/_next/static/chunks/node_modules_next_dist_115brz8._.js:2477
[  521259ms] [LOG] [HMR] connected @ http://localhost:3123/_next/static/chunks/node_modules_next_dist_115brz8._.js:2477
[  521412ms] [ERROR] WebSocket connection to 'wss://example.supabase.co/realtime/v1/websocket?apikey=dummy&vsn=2.0.0' failed: Error in connection establishment: net::ERR_NAME_NOT_RESOLVED @ http://localhost:3123/_next/static/chunks/node_modules_097we~m._.js:8551
[  522125ms] [ERROR] Failed to load resource: the server responded with a status of 500 (Internal Server Error) @ http://localhost:3123/dev-conversas:0
[  525211ms] [INFO] %cDownload the React DevTools for a better development experience: https://react.dev/link/react-devtools font-weight:bold @ http://localhost:3123/_next/static/chunks/node_modules_next_dist_115brz8._.js:2477
[  525284ms] [LOG] [HMR] connected @ http://localhost:3123/_next/static/chunks/node_modules_next_dist_115brz8._.js:2477
[  525498ms] [ERROR] WebSocket connection to 'wss://example.supabase.co/realtime/v1/websocket?apikey=dummy&vsn=2.0.0' failed: Error in connection establishment: net::ERR_NAME_NOT_RESOLVED @ http://localhost:3123/_next/static/chunks/node_modules_097we~m._.js:8551
[  526247ms] [ERROR] Failed to load resource: the server responded with a status of 500 (Internal Server Error) @ http://localhost:3123/dev-conversas:0
[  526586ms] [INFO] %cDownload the React DevTools for a better development experience: https://react.dev/link/react-devtools font-weight:bold @ http://localhost:3123/_next/static/chunks/node_modules_next_dist_115brz8._.js:2477
[  526635ms] [LOG] [HMR] connected @ http://localhost:3123/_next/static/chunks/node_modules_next_dist_115brz8._.js:2477
[  526819ms] [ERROR] WebSocket connection to 'wss://example.supabase.co/realtime/v1/websocket?apikey=dummy&vsn=2.0.0' failed: Error in connection establishment: net::ERR_NAME_NOT_RESOLVED @ http://localhost:3123/_next/static/chunks/node_modules_097we~m._.js:8551
[  527470ms] [ERROR] Failed to load resource: the server responded with a status of 500 (Internal Server Error) @ http://localhost:3123/dev-conversas:0
[  527765ms] [INFO] %cDownload the React DevTools for a better development experience: https://react.dev/link/react-devtools font-weight:bold @ http://localhost:3123/_next/static/chunks/node_modules_next_dist_115brz8._.js:2477
[  527808ms] [LOG] [HMR] connected @ http://localhost:3123/_next/static/chunks/node_modules_next_dist_115brz8._.js:2477
[  527978ms] [ERROR] WebSocket connection to 'wss://example.supabase.co/realtime/v1/websocket?apikey=dummy&vsn=2.0.0' failed: Error in connection establishment: net::ERR_NAME_NOT_RESOLVED @ http://localhost:3123/_next/static/chunks/node_modules_097we~m._.js:8551
[  528528ms] [ERROR] Failed to load resource: the server responded with a status of 500 (Internal Server Error) @ http://localhost:3123/dev-conversas:0
[  529563ms] [INFO] %cDownload the React DevTools for a better development experience: https://react.dev/link/react-devtools font-weight:bold @ http://localhost:3123/_next/static/chunks/node_modules_next_dist_115brz8._.js:2477
[  529601ms] [LOG] [HMR] connected @ http://localhost:3123/_next/static/chunks/node_modules_next_dist_115brz8._.js:2477
[  529821ms] [ERROR] WebSocket connection to 'wss://example.supabase.co/realtime/v1/websocket?apikey=dummy&vsn=2.0.0' failed: Error in connection establishment: net::ERR_NAME_NOT_RESOLVED @ http://localhost:3123/_next/static/chunks/node_modules_097we~m._.js:8551
[  530517ms] [ERROR] Failed to load resource: the server responded with a status of 500 (Internal Server Error) @ http://localhost:3123/dev-conversas:0
[  531478ms] [INFO] %cDownload the React DevTools for a better development experience: https://react.dev/link/react-devtools font-weight:bold @ http://localhost:3123/_next/static/chunks/node_modules_next_dist_115brz8._.js:2477
[  531528ms] [LOG] [HMR] connected @ http://localhost:3123/_next/static/chunks/node_modules_next_dist_115brz8._.js:2477
[  531708ms] [ERROR] WebSocket connection to 'wss://example.supabase.co/realtime/v1/websocket?apikey=dummy&vsn=2.0.0' failed: Error in connection establishment: net::ERR_NAME_NOT_RESOLVED @ http://localhost:3123/_next/static/chunks/node_modules_097we~m._.js:8551
[  532298ms] [ERROR] Failed to load resource: the server responded with a status of 500 (Internal Server Error) @ http://localhost:3123/dev-conversas:0
[  533290ms] [INFO] %cDownload the React DevTools for a better development experience: https://react.dev/link/react-devtools font-weight:bold @ http://localhost:3123/_next/static/chunks/node_modules_next_dist_115brz8._.js:2477
[  533330ms] [LOG] [HMR] connected @ http://localhost:3123/_next/static/chunks/node_modules_next_dist_115brz8._.js:2477
[  533505ms] [ERROR] WebSocket connection to 'wss://example.supabase.co/realtime/v1/websocket?apikey=dummy&vsn=2.0.0' failed: Error in connection establishment: net::ERR_NAME_NOT_RESOLVED @ http://localhost:3123/_next/static/chunks/node_modules_097we~m._.js:8551
[  534040ms] [ERROR] Failed to load resource: the server responded with a status of 500 (Internal Server Error) @ http://localhost:3123/dev-conversas:0
